sIdPedidoDetalle,dtFechaPedido,sSkuProducto
"72a9628d-11a9-446e-b978-76c2f65af164","""2026-01-03T13:27:00.000Z""","KLN-KL_944-NEGR-30"
"e561e9e9-b8af-47a9-bbd7-a5ff27c22832","""2026-01-03T17:45:27.000Z""","RID-2RDG71-BGNR-41"
"3ba0eaa7-5ddf-40ba-a2ba-028f0ddb5fe3","""2026-01-03T17:50:37.000Z""","GAR-2GY0351-NEGR-39"
"fcf41b9e-01be-4e5e-b7e0-f780fc6b92d8","""2026-01-04T03:10:12.000Z""","UND-3024891602-RSDO-6.5"
"9d2178aa-b4f3-46a8-bca5-a23fad1e7930","""2026-01-03T18:13:27.000Z""","SKS-SPA_234-PARS-L"
"442ed008-6d57-42c4-8f40-3447aee10e74","""2026-01-03T18:55:50.000Z""","PUM-626805_69-PLOM-L"
"54e4a45f-3db1-4858-b327-d8843b36b862","""2026-01-04T03:13:05.000Z""","ROU-TOFEM_029-BLAN-38"
"7d4e09da-bf78-46ee-8658-f5a9090bf94a","""2026-01-03T19:12:14.000Z""","SKS-NW_082-AZUL-38"
"e0e0c6c3-103f-466b-a88b-d9996ae10a4a","""2026-01-04T03:13:49.000Z""","ROU-TOFEM_033-BLAN-38"
"7def9db6-a7de-4edc-8090-c488a550f6c6","""2026-01-04T00:36:26.000Z""","SKS-WI_077-NEGR-37"
"765edbbe-c98a-4d97-b86e-3a088933fc28","""2026-01-04T00:47:35.000Z""","MOD-7032534-BEIG-37"
"463fb6f7-6839-438a-8366-62d50d9bd91a","""2026-01-04T03:20:48.000Z""","JAC-LC_201-NGAM-33"
"67c7cf5b-4849-4f0b-8cc7-2ef3a92f1743","""2026-01-04T03:20:48.000Z""","JAC-GAL_008-RJNG-23"
"5e6d338f-2bd0-43d6-9ceb-105a152dd1b7","""2026-01-04T03:21:32.000Z""","SKS-STP_096-BLAN-37"
"4af2bb84-63a7-4f79-91c1-cf63808ceb46","""2026-01-04T01:42:14.000Z""","SKS-SJE_274-CELE-28"
"79588b48-f1d8-4acd-8017-139aa7c35fa8","""2026-01-03T21:26:46.000Z""","ADD-HP2255-NAVY-10"
"1802ffb6-b0f8-4cc6-84e1-709b4f3d0d05","""2026-01-04T03:27:44.000Z""","SPD-2SN1242-ROJO-34"
"c0e7a167-9271-4b89-bce0-467f9b493072","""2026-01-04T02:06:24.000Z""","MOL-5727_100-MUBL-36"
"0d2ea95b-361b-4410-8fab-fb71d5c1f95b","""2026-01-04T02:08:59.000Z""","ZIO-54702-CAML-UNC"
"e8140d60-f086-4a63-a560-af6550b42263","""2026-01-04T02:08:59.000Z""","TRI-H142-LILV-UNC"
"e01f286c-2799-47ea-a574-0febb208bd59","""2026-01-04T03:44:52.000Z""","REE-100233876-NEGR-5.5"
"f7d2be84-9e39-4e5d-8d91-1f6b8e78ec10","""2026-01-04T03:47:39.000Z""","MIN-2MN1061-ROSA-27"
"765e2a5c-8f90-4de4-aadb-466dfa881292","""2026-01-04T03:48:10.000Z""","ROU-TOFEH_030-AZUL-41"
"ae21d830-e4bd-47e1-9edb-4a20be7e7e66","""2026-01-04T02:43:26.000Z""","NSM-JS_070-NGDR-36"
"4c94327b-568e-40d6-a8b1-9bb021310938","""2026-01-03T23:14:52.000Z""","MOL-52059-MNCM-37"
"656ace6c-1263-40e6-b27f-a8696ba2d471","""2026-01-03T18:52:54.000Z""","SKS-BCE_195-NEGR-39"
"362e031f-3419-4e98-b4b3-e439078e14c7","""2026-01-03T10:52:27.000Z""","SKS-GZO_322-NEGR-UNC"
"ca9986fd-a14c-4301-8cbd-c5faa52a0c29","""2026-01-03T11:09:47.000Z""","VMR-156_002_01-BLDR-38"
"d0950043-d776-4883-b22b-232738f594d3","""2026-01-03T10:58:42.000Z""","BEI-4170424-NEGR-37"
"e155c775-44d9-400a-9efb-1d53cad0dace","""2026-01-03T10:41:01.000Z""","SKS-YQ_066-NATU-35"
"87d3b4f8-c87d-4741-8c7a-52ba1da4073b","""2026-01-03T10:22:10.000Z""","LOT-23DRUTF_2-BLAN-4"
"3d1b83b5-ea25-4f73-a0a2-39ea2f847d14","""2026-01-03T10:35:23.000Z""","URB-QTE_127-NEGR-41"
"312bfd89-cd28-49f5-ad3f-3e9700c8c2a5","""2026-01-03T11:32:13.000Z""","MAV-2XMA02-RJAM-33"
"5b902451-c1d0-40c9-996f-6779cec68670","""2026-01-03T10:53:55.000Z""","SKS-GZO_322-MENT-UNC"
"520d11d6-182a-4a54-97f4-145db80a581e","""2026-01-03T10:43:51.000Z""","SKS-SVE_406-BLAZ-S"
"e5f15d42-b272-491b-ad05-15f69ec53025","""2026-01-03T10:22:10.000Z""","SKS-SCH_218-NUDE-M"
"9aadecb0-19bd-4951-8fdf-810993595beb","""2026-01-03T10:22:10.000Z""","SKS-SJE_270-BLAN-30"
"4e11f4f6-d017-47a1-9bb6-2f729512a4f8","""2026-01-03T10:22:10.000Z""","SKS-STO_563-ROJO-M"
"ffd5f549-2a45-47b4-94ed-9bb8ab114079","""2026-01-03T10:22:10.000Z""","MLK-2861112-NAVY-32"
"ecf137d9-b667-4852-802d-308367619f19","""2026-01-03T11:38:29.000Z""","SKS-ADO_264-BGHS-37"
"db35b807-3a30-47ab-bf45-d7a515c7dbed","""2026-01-03T11:09:47.000Z""","SKS-VF_116-NUDE-39"
"4865f14d-69a3-4591-92a1-d415e7899b30","""2026-01-03T11:09:47.000Z""","SKS-ADO_238-BEIG-39"
"bdb64093-a6b0-4cf4-ad44-6816d462e9e0","""2026-01-03T11:50:38.000Z""","FIL-5RM01039-BLAN-8"
"e4e765aa-c842-4a0c-a998-1e302e3781d5","""2026-01-03T11:50:38.000Z""","MOD-7014229-NEGR-36"
"d118b445-4e57-4bfd-95b2-b74f779e2643","""2026-01-03T11:38:29.000Z""","SKS-ARL_016-CAPI-37"
"742ab374-264b-482b-af03-d181fc882809","""2026-01-03T12:16:24.000Z""","SKS-SBL_951-VINO-S"
"42e6a290-8d7a-4fae-b955-08ac7f4cc661","""2026-01-03T11:52:24.000Z""","VIZ-1432100-NEGR-37"
"7da90d83-edc9-4b32-a026-71bb50d74beb","""2026-01-03T11:09:47.000Z""","NSM-JS_066-BEIG-37"
"14eb54f2-5777-4152-8433-f20cb6632f73","""2026-01-03T11:09:47.000Z""","VIZ-1290500-NEGR-38"
"2c3415a7-4a90-4688-8893-bc2b346d6cb8","""2026-01-03T11:09:47.000Z""","NSM-BRIT_014-NEGR-38"
"2dcdcc58-3110-4d7f-aaf8-e936fb30bc9f","""2026-01-03T11:36:53.000Z""","ADD-JS2878-NEGR-5.5"
"78546c26-da39-4a47-b14b-6b9d25457db8","""2026-01-03T10:06:56.000Z""","MOD-7198101-CECM-37"
"c1c37e6f-8ac0-4d65-a767-a0dccfa17bb3","""2026-01-03T12:13:33.000Z""","IPN-2IPD75-ROJO-36"
"84e934fa-7d8e-41a3-8a80-9795c0a18420","""2026-01-03T11:30:27.000Z""","IPN-2IPS00-NGOR-36"
"ad0c8fce-6539-4097-b2d7-c8f532794730","""2026-01-03T14:25:22.000Z""","KLN-KL_983-NEGR-19"
"a88e4cd2-adb3-4e68-9807-b4675dd71640","""2026-01-03T11:36:56.000Z""","URB-OFER_H01A-NEGR-40"
"c488573b-310c-4d16-9b13-03ad996a3ca4","""2026-01-03T12:32:47.000Z""","MOL-5801100-NUDE-35"
"0cebd73e-39a0-470f-aebc-0a8e59fb699d","""2026-01-03T13:03:34.000Z""","BRS-2270115-BLGR-40"
"5acf65b8-d6ca-4fe1-b0b1-12f301eaddc1","""2026-01-03T13:16:41.000Z""","MAV-2GVA27-RJNG-31"
"a962fcb1-9d5a-40d0-8cf5-792c23ce1fd3","""2026-01-03T13:16:41.000Z""","NSM-YAQ_615-BEIG-36"
"cffbd8e4-b58c-4eeb-a1cb-6bb430ac7a17","""2026-01-03T11:55:14.000Z""","NSM-WOL_137-HUES-38"
"b93420e0-aef0-446a-9d18-135a73e6abfd","""2026-01-03T14:39:02.000Z""","SKS-TIM_101-CRAZ-39"
"9098a98a-8dac-4ab9-bde5-3e5596b7b102","""2026-01-03T13:33:17.000Z""","SKS-WI_073-AZUL-35"
"a34d4ea9-2b2a-45c1-8be0-7b0b3e67d47d","""2026-01-03T13:30:17.000Z""","SKS-YQ_065-BEIG-35"
"3b7f64d1-1917-4959-b026-ea6623913af2","""2026-01-03T12:36:28.000Z""","MOL-5696304-NUDE-35"
"be3591fd-2194-40a6-b034-0c59245ae571","""2026-01-03T13:29:06.000Z""","SKS-YQ_065-NEGR-39"
"43fa9162-bbf6-45f4-9d65-c52f57f2c80e","""2026-01-03T12:55:03.000Z""","NIK-DA5381_401-AZUL-11"
"a924e93f-7d8a-4f59-92d8-8f3872442c7d","""2026-01-03T14:07:31.000Z""","ESK-Z_F111-BEIG-38"
"901db9aa-592c-4b3e-a02d-4b24b0f6c9eb","""2026-01-03T10:52:39.000Z""","PUM-525747_01-NEGR-XS"
"a35dc68a-ba73-46f3-927e-f17d2cbc62db","""2026-01-03T13:37:28.000Z""","KLN-KL_970-AZLN-22"
"ccf35783-25e9-49e4-b5e1-58ce5d986182","""2026-01-03T14:55:21.000Z""","MOL-52059-MNCM-34"
"834ff9b8-113b-42cd-b696-7ee37f9350aa","""2026-01-03T12:48:27.000Z""","NSM-Q5_137-HSBG-37"
"a93de83a-3000-4c8a-ac3f-aeccda00a798","""2026-01-03T12:48:27.000Z""","ESK-S_PM12-NEGR-38"
"beb02ab8-7292-4162-96fe-02277392d0fb","""2026-01-03T12:39:45.000Z""","SKS-ADO_246-BLAN-37"
"0a5b310d-5ac3-469f-ae4c-6e4f97d0a77c","""2026-01-03T13:21:56.000Z""","SKS-QIM_002-ROSA-XL"
"8375b49a-afc1-417b-994f-43ea6d6df083","""2026-01-03T13:39:57.000Z""","NIK-DV4343_800-SALM-9"
"59efa60e-b042-447a-9e3a-20e42ae55e9b","""2026-01-03T12:05:45.000Z""","URB-QTE_127-NEGR-41"
"5fb07785-b429-4d62-a6be-0970514ad862","""2026-01-03T12:42:54.000Z""","LOT-23DRUTF_2-BLAN-5.5"
"11a47efb-5367-4b6a-8b4d-aa2fa8cd1a38","""2026-01-03T11:36:18.000Z""","ROU-TOFEH_007-AZUL-43"
"67630268-7733-4424-950c-c4c2ed29f37a","""2026-01-03T13:50:02.000Z""","SKS-ADO_263-BLNG-39"
"fe073e6e-5b7e-4e47-b2dd-dbaae90a3534","""2026-01-03T13:52:51.000Z""","MOD-7013600-NEGR-39"
"8e4758cf-d9d0-48e3-a010-ac827c909b08","""2026-01-03T13:56:39.000Z""","JAC-CIF_004-NUDE-23"
"685a9848-ef9f-46ca-9c30-e2e9f54a1271","""2026-01-03T13:42:31.000Z""","ADD-IF6399-AZUL-10.5"
"5ca3363e-5ef5-438d-b915-929a727f49f2","""2026-01-03T13:17:57.000Z""","RID-2RDC30-NGRJ-43"
"4a3ca237-f982-468c-9b55-9db5c63d6b2b","""2026-01-03T14:06:20.000Z""","ROU-TOFEM_022-NEGR-37"
"5e2d591a-2b47-493c-b7f9-396fb2738722","""2026-01-03T14:10:23.000Z""","ESK-S_SP405-HSNT-36"
"7f24e5ad-5e41-4dc3-a2ac-9d0a19075745","""2026-01-03T12:29:50.000Z""","MOD-7200103_CY-BLPT-36"
"d3fcb8ba-70fa-4cfc-8b3a-53e218848b5f","""2026-01-03T13:21:22.000Z""","SKS-GZO_290-NUDE-UNC"
"20884629-9c00-4102-8ac0-9e8dcd3eb45d","""2026-01-03T14:09:41.000Z""","SKS-WI_067-NEGR-37"
"62e4a887-0b54-463a-9e37-7094ce4e5b53","""2026-01-03T12:34:03.000Z""","MOL-52059-MNCM-34"
"129f11ff-41cc-49a8-99aa-5b7844fdafeb","""2026-01-03T12:34:03.000Z""","MOL-52059-MUNE-34"
"1ef1ae27-cbb8-4b0e-a943-f1c8d173b91c","""2026-01-03T13:14:31.000Z""","NSM-Q5_129-BLAC-38"
"59cf632c-1b98-4881-aabf-c395d8d62e33","""2026-01-03T14:17:19.000Z""","PUM-396181_57-BLAN-6.5"
"4c8a3bb4-3d31-41f2-9111-26c85e6ca12f","""2026-01-03T14:14:55.000Z""","ADD-JR1676-VERD-8"
"3417f443-71cf-425b-a810-1935ebc8434a","""2026-01-03T14:24:18.000Z""","ADD-IH0083-NGBL-8.5"
"3aa284eb-8c5d-4ad7-bb6f-97d21b0d0ef5","""2026-01-03T14:24:18.000Z""","ADD-JP5637-BLAN-9"
"772b62d7-2473-46bb-babf-61dae5185a8b","""2026-01-03T14:27:25.000Z""","NIK-DA1352_404-AZUL-8.5"
"8ae7afb9-4284-4d20-9d0b-ce574924fe72","""2026-01-03T14:27:32.000Z""","SKS-NW_082-AZUL-38"
"0a97ae74-4377-4fda-accd-035cc88c233d","""2026-01-03T14:27:32.000Z""","SKS-GZO_295-ACER-UNC"
"560a6710-1089-48b0-b855-154afb9b0253","""2026-01-03T14:30:59.000Z""","ACT-4845104-NEGR-34"
"ab664a6e-4ed0-46b8-add9-1636b769bc01","""2026-01-03T14:30:26.000Z""","MOL-5496101_CY-PLAT-35"
"39c0124a-d168-455a-8ffe-3b396263da8a","""2026-01-03T14:31:03.000Z""","NIK-HJ9198_102-BLGR-8"
"481bd9e2-d83f-4a25-8b73-45316daae093","""2026-01-03T14:33:31.000Z""","SKS-YQ_077-MALV-37"
"b384e5dd-3326-400b-82d5-0675be2175e7","""2026-01-03T12:37:48.000Z""","MOL-5696304-MOST-35"
"5c09ac8f-61df-4d2d-aa9e-558b39ef90d7","""2026-01-03T14:34:25.000Z""","JAC-LC_212-BLAN-34"
"7ef1dede-f017-4303-8edc-e0aa9c64c1db","""2026-01-03T15:45:21.000Z""","MAF-2QY0331-ROJO-36"
"d9c828b5-1470-4f9e-a031-5270f96b913d","""2026-01-03T15:48:21.000Z""","SKS-TIM_098-CELE-38"
"c8ac042b-2243-48b0-b200-3304922b25a4","""2026-01-03T15:47:31.000Z""","SKS-SPA_229-NEGR-29"
"80da6e35-45ab-4ef3-9473-f158f836affc","""2026-01-03T15:38:37.000Z""","ADD-GW5457-BLAN-7"
"b20a7a92-77d2-40b7-878f-e23140e84cb4","""2026-01-03T12:14:13.000Z""","SKS-ADO_250-NGDR-37"
"7c0a0912-f693-45af-a331-7c0300de0d91","""2026-01-03T12:15:39.000Z""","SKS-ADO_250-BLAN-37"
"478cf248-fe3a-4e84-b9a2-98ec324295a8","""2026-01-03T14:38:46.000Z""","CAL-4BB30011-AZUL-UNC"
"fe19bd1d-c3df-4a1c-a6a6-26ddf44dbf4a","""2026-01-03T15:56:32.000Z""","ADD-JP7104-BLOF-6.5"
"2824018d-8698-4887-9b9a-69b9daebaf1c","""2026-01-03T14:07:40.000Z""","SKS-WI_078-TAUP-36"
"69a241c7-63f0-4577-981c-e904871cbc2a","""2026-01-03T16:04:48.000Z""","PUM-396181_57-BLAN-6.5"
"0e197364-026d-43e4-91c7-a72e2e59c0a9","""2026-01-03T14:35:16.000Z""","SKS-TIM_097-MENT-36"
"fb3ab32d-0b75-45d6-b009-fa44ac987a42","""2026-01-03T14:41:15.000Z""","NSM-Q5_115-PARS-37"
"0eabeddf-ca7d-4767-8675-5fbe5231edab","""2026-01-03T16:43:31.000Z""","PUM-107726_02-NEGR-8"
"3a88a7f0-c8ed-4973-a494-07272cdba08f","""2026-01-03T16:43:12.000Z""","AMP-39455-ROJO-UNC"
"32089efb-330d-43c8-9c15-e31d079dc41f","""2026-01-03T16:19:37.000Z""","SKS-NW_078-NEGR-38"
"6fcd0cc8-971c-4720-a7e6-18ecaf55f2c7","""2026-01-03T16:19:37.000Z""","NSM-YAQ_627-NEGR-39"
"a5aa6b1e-ccd9-41c9-84d7-77ef93b41c83","""2026-01-03T15:50:58.000Z""","SKS-GZO_283-NATU-UNC"
"40eb9ffb-77af-4aa7-b325-33bea734733e","""2026-01-03T15:51:24.000Z""","NSM-NWS_002-MENT-38"
"73fccbac-a798-438d-9fa6-28b56b74c50b","""2026-01-03T15:51:24.000Z""","SKS-ADO_249-BLAN-38"
"f1bc9f54-a7cb-4d09-9cc9-67ba30a7715d","""2026-01-03T15:19:53.000Z""","NSM-WOL_138-NEGR-37"
"0bf193df-bdd5-419f-8ab0-3475e5d2b47e","""2026-01-03T16:42:59.000Z""","AMP-39008_CY-NEGR-UNC"
"3afb0161-f114-4474-a1be-a840abf7308b","""2026-01-03T16:42:59.000Z""","VIZ-1220315-VROL-38"
"e9dc81c8-fc52-4ca9-981f-75de8ebb0a32","""2026-01-03T16:45:33.000Z""","SKS-YQ_060-MENT-35"
"4a8106dd-7506-4f73-87b4-e3db1098352d","""2026-01-03T16:32:11.000Z""","KLN-KL_1028-CAML-36"
"ecdbe8f2-8936-4e4b-b7aa-e00a6e52c39f","""2026-01-03T16:03:41.000Z""","VIZ-1346111_CY-BLAN-38"
"430f57b0-a3ea-45c7-9e18-b0974f677b2e","""2026-01-03T16:55:17.000Z""","GRD-2GDC34-AZUL-38"
"a75b07e8-964b-4566-9fd9-6abd11836e47","""2026-01-03T16:09:26.000Z""","SKS-STP_107-CAML-35"
"7aef9dbb-0cca-4635-9512-b7b220d2934f","""2026-01-03T16:13:22.000Z""","SKS-STP_107-NEGR-37"
"ed6add8e-9ce8-45aa-82af-0f60ff870b1c","""2026-01-03T16:34:50.000Z""","SKS-MNG_071-BLAZ-37"
"65a50cea-e778-4738-8e21-9c3f4b6f12d1","""2026-01-03T16:54:14.000Z""","MOL-5696304-NUDE-36"
"1c95963c-4858-4035-8354-a50092c8e4cb","""2026-01-03T16:43:12.000Z""","AMP-32899_CY-RSDO-UNC"
"805ce253-ba5f-475f-bb51-73a6803a202f","""2026-01-03T16:53:18.000Z""","SKS-TIM_097-NUDE-38"
"8e87991b-fda3-42ee-9864-56ec66b1c283","""2026-01-03T16:55:24.000Z""","SKS-NW_075-NEGR-39"
"151c8cad-458b-4c25-bf35-c5b0fb7a498c","""2026-01-03T16:55:24.000Z""","SKS-NW_075-BEIG-38"
"d107b4ab-82dc-4413-9b60-d99f2a2e044c","""2026-01-03T16:55:32.000Z""","MOL-52059-MUMA-37"
"35932f72-98c3-4ce3-9e33-fa3605b15649","""2026-01-03T16:55:14.000Z""","SKS-TIM_096-BEIG-38"
"3402d350-c566-4353-a2ac-c896157ec5c9","""2026-01-03T16:49:03.000Z""","IPN-2IPS02-MARR-38"
"5a75dc10-8250-49d2-b826-fe0330e76793","""2026-01-03T16:49:03.000Z""","GRD-2GDO47-ORO-38"
"411744c0-8ec8-4497-90eb-b8992ec22173","""2026-01-03T16:49:03.000Z""","GRD-2GDD05-BEIG-38"
"863a3972-31cc-40d6-a968-2a5953b70501","""2026-01-03T16:50:18.000Z""","RID-2RD574-NEGR-41"
"8f84498a-f3aa-468a-ab7b-784e478ca798","""2026-01-03T16:53:18.000Z""","JRS-2JP038-NEGR-29"
"3667d2dd-843a-493f-b737-3f7272008684","""2026-01-03T16:54:16.000Z""","NSM-NWS_002-NEGR-38"
"e7c75ed8-84cb-4110-a846-6576a5f8dfba","""2026-01-03T16:54:55.000Z""","DRB-2DB015-NARJ-28"
"ba1effba-ced6-4ef4-970a-a1f07a58968d","""2026-01-03T16:57:53.000Z""","MAV-2GVA27-RJNG-29"
"20ad8885-1227-458d-8d10-542ab57b08cf","""2026-01-03T16:57:22.000Z""","ROU-TOFEM_022-NEGR-35"
"a488a660-a161-467a-be05-f3973af2ce33","""2026-01-03T14:56:09.000Z""","VIZ-1346112_CY-BLAN-37"
"c8fad1b6-cf90-46c5-a7e5-37cbc5936f0b","""2026-01-03T17:02:39.000Z""","SKS-SVE_428-NGBL-M"
"ad929f95-3181-43e3-9c55-bb6c4a97f3f1","""2026-01-03T17:05:04.000Z""","SKS-ITE_718A-MALV-36"
"46ca57fb-7189-44a8-bf4e-6b4e412acdb0","""2026-01-03T17:05:08.000Z""","ADD-IH7530-NEGR-6"
"ba1e5955-450c-4841-8e02-f02f2c0611f3","""2026-01-03T16:38:13.000Z""","SKS-NW_075-NEGR-38"
"ff086f07-f599-4113-ad19-aff790435b89","""2026-01-03T17:10:54.000Z""","JAC-SP_IG11-PLTD-22"
"d30845f7-edfa-4833-ae3d-ebec06ceb955","""2026-01-03T17:13:53.000Z""","JAC-JEN_026-NGRJ-UNC"
"24335201-fcfc-4009-b849-18647455b392","""2026-01-03T17:14:39.000Z""","SKS-GZO_282-AZUL-UNC"
"236fa96e-a2b9-432a-9786-fc17c1629ff7","""2026-01-03T17:16:21.000Z""","SKS-STP_107-BEIG-35"
"f8ed314f-309d-4f88-bf10-d7fc43cc5cc2","""2026-01-03T16:46:51.000Z""","MOL-5496101_CY-NEGR-37"
"13ddb383-7150-4c39-a620-ffdd6948f4e4","""2026-01-03T16:38:10.000Z""","GRD-2GDV89-NEGR-36"
"1bbf1e4a-c009-4e37-b5a7-7d9b9f76a3ca","""2026-01-03T17:20:11.000Z""","SKS-ADO_269-RJND-35"
"894515af-89fd-4bf7-b7e0-9563b0778635","""2026-01-03T17:18:51.000Z""","SKS-QIM_001-BEIG-S"
"b2eb3e9f-66d4-46bb-9471-1c3abcc3d3e3","""2026-01-03T17:20:41.000Z""","SKS-ITE_711-NUDE-38"
"146b647b-5e0b-4e07-905c-a8c766e4f19a","""2026-01-03T17:20:41.000Z""","SKS-NW_079-PARS-36"
"473125fa-6fcb-4ae7-9a59-425283a61351","""2026-01-03T17:20:41.000Z""","SKS-TIM_103-NEGR-37"
"57382c74-10dc-491c-9206-84d1e73bc122","""2026-01-03T17:22:53.000Z""","SKS-WI_074-VERD-36"
"af2cb8bf-d18b-4db1-8534-6c7cfefa4ce2","""2026-01-03T10:25:28.000Z""","UND-3028434800-CRAL-10"
"ade5603b-a8e5-42d3-9736-7a6d3ceaaca0","""2026-01-04T03:09:33.000Z""","ESK-B_OU018-VINO-36"
"4c54cbba-c75c-4847-8ad8-9fa404d8a59a","""2026-01-04T03:09:51.000Z""","LON-2LY0311-NEGR-44"
"9b793976-91dd-43fd-a520-c63b2023c5c6","""2026-01-04T03:09:51.000Z""","MAV-2MY0351-NEGR-44"
"9ed71f19-50a1-4926-942e-92485bea7ae8","""2026-01-03T17:45:27.000Z""","RID-2RDC30-GRAZ-41"
"be35be1e-a89f-4fa9-ad91-44fc1efae4aa","""2026-01-03T17:45:27.000Z""","GRD-2GDO47-ORO-38"
"abe3f357-488e-49f8-b9b2-5ec15766f43b","""2026-01-03T17:58:18.000Z""","SKS-WI_067-NEGR-37"
"99ed808b-f7fb-434c-919e-b33ca580290c","""2026-01-04T03:11:58.000Z""","URB-MB_485-TAUP-40"
"c5fc33d4-a451-4de4-a2f4-925bc2ce9baf","""2026-01-04T00:17:31.000Z""","JAC-LC_213-NEGR-28"
"09e62eb8-b88b-461b-8784-4b08d2763e4b","""2026-01-04T00:17:31.000Z""","BAT-2BM143-NEGR-28"
"eb785f9d-1fdd-4bd0-b86e-64aef746d0dc","""2026-01-04T00:21:53.000Z""","SKS-MNG_061-BLLL-37"
"7676f0b6-ca67-4c2d-864d-241741537623","""2026-01-04T00:21:53.000Z""","SKS-VF_116-NUDE-39"
"88146ffe-cf73-4883-a72e-cb9240d19a89","""2026-01-03T19:03:03.000Z""","SKS-SJE_284-CELE-29"
"4e93ad71-ec9c-4ff1-b0c5-e977382e7300","""2026-01-03T20:12:40.000Z""","BRS-2276206-NEGR-42"
"e49d4400-5084-471e-90dc-9de1d446d264","""2026-01-04T03:15:21.000Z""","ESK-B_OU018-VINO-38"
"843448fe-8eb2-4b0f-8309-c1707337589e","""2026-01-04T03:15:28.000Z""","SKS-GZO_233A-AZUL-UNC"
"842ab970-c4cf-42f8-a9fd-8c4e29dea647","""2026-01-04T03:19:18.000Z""","SKS-WI_079-BRND-37"
"fb115d5a-127d-4397-aa36-3fe27ab48d9d","""2026-01-04T03:20:48.000Z""","SKS-STK_322-ACER-UNC"
"02a82404-ce6a-47ed-be30-7e6e2e3fee00","""2026-01-04T03:23:04.000Z""","SKS-ITE_711-NATU-37"
"329fc18d-f215-4ed1-a879-fd82da60852d","""2026-01-04T01:22:09.000Z""","SKS-YQ_076-NEGR-38"
"aaaff962-3d7f-4ab1-8db6-5177f5bf53e1","""2026-01-04T01:35:06.000Z""","SKS-STP_105-NEGR-36"
"44e0737a-ef1e-440e-8318-07b283f5a9df","""2026-01-04T03:27:26.000Z""","REE-CN4108_-BLCK-8.5"
"4f2d3358-7fb5-4339-8e3f-d24c48560fe3","""2026-01-04T01:48:50.000Z""","BRB-2AR12761-RSDO-30"
"04861eda-bb4f-4308-a08f-8e2bfedc87eb","""2026-01-04T03:32:04.000Z""","VIZ-6291927-NEGR-38"
"5029fb16-c8a5-42e7-baef-dd9db33e716c","""2026-01-04T02:12:31.000Z""","JAC-LC_216-NGBL-33"
"084bb8ab-58b5-4112-b114-29f60075c750","""2026-01-03T22:12:38.000Z""","ROU-TOFEM_029-BLAN-37"
"534df888-7bb6-483c-9525-073c22b4fb3c","""2026-01-03T23:14:52.000Z""","SKS-YQ_068-NEGR-35"
"4cb4d965-4bec-4f15-be37-03877fcb4373","""2026-01-03T23:14:52.000Z""","NSM-Q5_117-ACER-37"
"b74ee0ac-65b7-4797-94a6-48c9bf67c91e","""2026-01-03T23:14:52.000Z""","SKS-ARL_004-NEGR-38"
"b2337ebc-eefa-46f8-891b-a33aed9a0721","""2026-01-03T23:14:52.000Z""","SKS-NW_071-NEGR-37"
"4d5f2797-ae07-4393-bf47-d3b440c746cc","""2026-01-03T23:14:52.000Z""","SKS-TIM_097-NUDE-37"
"17eece29-098c-4b1e-a33e-4b1bee997d60","""2026-01-03T23:14:52.000Z""","IPN-2IPS02-MARR-39"
"ec9962c2-7cb3-40c5-9453-ab039047baf4","""2026-01-04T03:49:16.000Z""","SKS-STO_P07-GRIS-L"
"0e4c3a7a-0e99-4585-bd61-27064a946540","""2026-01-04T02:50:39.000Z""","NSM-WOL_138-MARR-38"
"5082a825-8a8a-43a7-a5f3-9c611d0bfece","""2026-01-04T02:58:38.000Z""","SKS-WI_083-COBR-39"
"cac0b77b-1810-4ef6-be1c-4583519c6458","""2026-01-04T03:05:11.000Z""","SKS-ITE_710-FUCS-37"
"2b979b8a-ab7e-40b0-9fb5-ba83b05c49c6","""2026-01-04T03:05:41.000Z""","PUM-310154_01-NEGR-5.5"
"24c71667-bf2f-4316-ae16-b3b8b0f2f3ec","""2026-01-03T12:20:08.000Z""","MOL-5496101_CY-NEGR-36"
"f8d4c233-f097-473b-bf3a-ed4c20c385b0","""2026-01-03T12:28:57.000Z""","NIK-DV5457_104-BLAN-12"
"89182cca-373f-4c4f-b61d-e0d54e27390b","""2026-01-03T12:30:10.000Z""","REE-100044073B-BLAN-13"
"0ab65588-6257-49b9-ad13-d4621940d16d","""2026-01-03T12:31:51.000Z""","JAC-LC_199A-AZUL-28"
"5fb3be80-ebc5-4997-8f2a-56e2a2bc11c7","""2026-01-03T12:31:51.000Z""","JAC-LAR_008-RDBL-28"
"4e298f56-6b4a-46ae-aa08-719e229d34ba","""2026-01-03T12:34:09.000Z""","SNO-2FY0331-BLAN-39"
"9d59568e-877c-40ec-ab7e-f7d4e396922c","""2026-01-03T11:26:03.000Z""","VIZ-6371167-ORRS-34"
"f90b9587-91ba-416f-9770-d96bc94ea9e3","""2026-01-03T12:31:51.000Z""","PEP-2PE070-BLAN-29"
"e1581076-81bf-4415-af4d-5aa0ca31560f","""2026-01-03T13:47:43.000Z""","VIZ-1220374-NEGR-39"
"0772dff8-9f08-4448-b1ae-afeda2c691a6","""2026-01-03T12:05:45.000Z""","URB-SND_155-COBR-41"
"29d686f8-3811-4b50-be88-15f69fc04ffe","""2026-01-03T13:52:45.000Z""","MOL-52059-MUMA-37"
"5b86d446-e487-42aa-8e8e-86998c949ea2","""2026-01-03T13:52:45.000Z""","MOL-52059-MUNE-37"
"6abe957b-810f-474d-a41f-ce8d4fd3621d","""2026-01-03T13:39:24.000Z""","NIK-FQ8446_002-NEGR-9.5"
"fa1906f7-1830-4df9-9a47-cb5d2006ec46","""2026-01-03T12:17:24.000Z""","AMP-39008_CY-NEGR-UNC"
"5ff2f880-436d-40b7-9cf3-474e5d3eecd6","""2026-01-03T12:19:01.000Z""","AMP-38061_CY-NEGR-UNC"
"413afeaa-17ac-4074-bde4-41264b610028","""2026-01-03T12:29:50.000Z""","MOD-7200103_CY-BLPT-37"
"0a2771a0-12a6-4269-8a1a-e35bdf51b9b4","""2026-01-03T13:56:39.000Z""","JAC-CSV_251-DORD-23"
"db6e5ade-1f51-413a-9c84-b366f48ec82c","""2026-01-03T14:32:59.000Z""","SKS-STO_P05-NEGR-L"
"95791a71-2a5d-4bd3-a26e-feeacdede92e","""2026-01-03T13:03:34.000Z""","NSM-NWS_003-BLAN-39"
"e7a2b75b-b280-480c-be74-d0783dc9879d","""2026-01-03T10:38:37.000Z""","VIZ-1185702-MRNO-36"
"a541291a-896a-4506-94df-7de0d48b376e","""2026-01-03T13:15:25.000Z""","SON-2SOC70-AZRJ-31"
"94ef31c9-578e-4d8c-a457-191dbf92345a","""2026-01-03T13:03:34.000Z""","BRB-2BY122-RSDO-39"
"f76ac3a4-e908-4fd0-9011-f02b78def004","""2026-01-03T14:39:02.000Z""","NSM-YAQ_615-BEIG-39"
"e9932cf0-490c-47ec-a902-60ab76f06c2b","""2026-01-03T12:24:51.000Z""","SKS-SBL_923-AZUL-S"
"26c9e94a-d260-4a72-857b-d0be7168248e","""2026-01-03T14:12:32.000Z""","SKS-SCA_221-CELE-S"
"7fcd8fdd-b08b-443d-8d0e-8aa31a5d334a","""2026-01-03T13:38:28.000Z""","VIZ-1185702-MRNO-37"
"c272c3bd-a977-4b7c-862d-9742833cf485","""2026-01-03T13:43:06.000Z""","ADD-IG0734-ROJO-10.5"
"22a8a5e7-d077-4c51-bb82-a8eb59a4564c","""2026-01-03T14:24:26.000Z""","MIN-2NY081-BLAN-38"
"e15de6bb-7f06-41ad-a5bd-25a76f372367","""2026-01-03T10:36:04.000Z""","SKS-QIM_002-ROSA-M"
"745a6596-4e89-45f7-9d45-c7db5cc76b8a","""2026-01-03T12:00:18.000Z""","NSM-Q5_129-BLBG-38"
"6033c2a9-4d31-440c-ade2-448afaf4dd08","""2026-01-03T15:48:35.000Z""","SKS-ITE_722-LILA-37"
"d97c2669-dc3d-4bba-bce8-d0e6a568a8e3","""2026-01-03T14:34:25.000Z""","KUR-KUR_0078-BLLL-33"
"d01cefdd-f2e5-4ec4-b593-78962f591781","""2026-01-03T14:43:50.000Z""","SKS-TIM_103-NEGR-36"
"6213b280-dba4-47a6-b5fd-463fee34a05c","""2026-01-03T13:22:05.000Z""","JAC-LC_192-NGVR-29"
"8e0ce441-f5aa-4eae-b65e-f3fc746b48f6","""2026-01-03T14:33:52.000Z""","ADD-IG6864-BLAN-10.5"
"c2d5b0a0-2015-40b5-afcd-f1e94e464008","""2026-01-03T14:50:44.000Z""","MIN-2MN11091-RSDO-25"
"8531a288-fa42-4656-a2eb-dcf0692f28ce","""2026-01-03T11:48:06.000Z""","SKS-SPA_234-PARS-L"
"6ae53139-6d81-4a8c-8bc5-5a5b4addf876","""2026-01-03T14:52:48.000Z""","RID-2RDF32-AZNG-41"
"11222194-fd2f-4e11-8fcd-47eed7e4ada2","""2026-01-03T14:52:53.000Z""","NSM-Q5_138-BLAN-38"
"2258b4f2-e940-42bc-a80d-fe86b223db88","""2026-01-03T14:51:48.000Z""","JAC-LC_221-AZUL-34"
"a72078dc-b3be-4688-aab8-0c0c2021c63a","""2026-01-03T14:25:45.000Z""","ADD-IF1721-AZUL-5.5"
"393b445f-7cf9-40ef-8cec-5e619c3b1611","""2026-01-03T14:55:21.000Z""","MOL-52059-MNCM-38"
"cfac3327-841c-4532-b0ac-03c76dab4811","""2026-01-03T14:55:21.000Z""","NSM-Q5_117-ACER-35"
"0de711f5-347c-4337-9fcb-626df490cc1d","""2026-01-03T14:55:21.000Z""","SKS-NW_082-AZUL-38"
"2b6f1176-f42a-4c26-b157-7d27f538e3c7","""2026-01-03T14:59:31.000Z""","VIZ-6292268-NEGR-37"
"c7516e92-6ac8-4a4f-9285-8b67fcc0ec15","""2026-01-03T14:59:28.000Z""","VIZ-1307202_CY-BLNG-39"
"f3cf399e-c323-47f2-978c-f24a9ebd6665","""2026-01-03T14:59:00.000Z""","SPD-2SN12411-AZUL-31"
"3ae00f5d-f6c8-4a85-bfa0-d76e75b61237","""2026-01-03T14:27:32.000Z""","SKS-NW_068-BEIG-36"
"4dae8193-402d-4a12-8cbb-4a74ae8276ef","""2026-01-03T11:41:23.000Z""","FIL-5RM01039-BLAN-8.5"
"9a739e51-4132-4926-8d7a-911777a6c22f","""2026-01-03T15:01:55.000Z""","NSM-BRIT_023-NEGR-39"
"a46eb3fb-3074-44a1-9cda-6f1b6dc7d904","""2026-01-03T15:01:55.000Z""","SKS-QIM_002-CELE-M"
"61b35dd4-5e34-44a2-b606-cb691f3f17fc","""2026-01-03T15:03:28.000Z""","ADD-IE1224-NGRJ-9"
"f0c9431b-7576-4984-a415-0dd4e9515735","""2026-01-03T14:59:59.000Z""","SKS-GZO_302-HUES-UNC"
"ce4d2978-a5b9-450d-9a93-d3180e5d4e9e","""2026-01-03T15:51:24.000Z""","SKS-NW_068-BEIG-35"
"34ceff00-7835-4446-95f8-954aef2d7078","""2026-01-03T16:55:59.000Z""","ZIO-54940-NEGR-UNC"
"0da80abb-b089-46fd-b5fd-1e2ec6430cbb","""2026-01-03T15:08:05.000Z""","AMD-BILL_228-CAFE-UNC"
"8788c161-6fc1-480c-b171-2211ee7dc0cb","""2026-01-03T15:09:38.000Z""","RID-2RDF32-AZNG-39"
"f1187d84-9767-4c90-b705-c184fbe22cc7","""2026-01-03T12:14:45.000Z""","VIZ-1422101-NEGR-37"
"47ad54cd-4628-42f4-a58d-8d303101f301","""2026-01-03T15:14:13.000Z""","SKS-STO_603-NGBL-M"
"48076e07-755e-448b-be03-c1df218dcd94","""2026-01-03T14:56:51.000Z""","SKS-WI_086-NATU-37"
"43c3e897-6952-4cfb-9268-5b6ee5768f82","""2026-01-03T15:04:05.000Z""","SKS-WI_086-NATU-36"
"266078f9-c57b-453f-ba44-4af2d9367319","""2026-01-03T15:16:25.000Z""","BRS-2276211-MRNO-38"
"8d60e9a0-fc17-4a77-afb8-c95abe2adc1c","""2026-01-03T15:16:59.000Z""","SKS-STO_573-NEGR-L"
"83f2f776-456e-4a7a-bca0-e1c4e65b5727","""2026-01-03T14:43:33.000Z""","REE-100222244-NEGR-5.5"
"b275c305-da39-4127-bc47-a96cfd372b98","""2026-01-03T13:34:07.000Z""","ADD-JP5637-BLAN-7.5"
"5f805730-8090-4ba0-b74d-d215bcb0837c","""2026-01-03T14:57:58.000Z""","NSM-YAQ_625-NEGR-36"
"794d8344-cb4d-4244-aed7-7a7fa9df0863","""2026-01-03T15:20:31.000Z""","MOL-5496101_CY-PLAT-37"
"554d55eb-498e-4017-a7b7-daf3b4998f6e","""2026-01-03T12:35:07.000Z""","SKS-STK_331-NEGR-UNC"
"b507c275-65d9-4632-bc74-0a19c8090d1f","""2026-01-03T14:50:42.000Z""","MLK-2424_205-NEGR-29"
"e99f9dcc-a03a-4fa0-b1e9-ed517ab3c4a1","""2026-01-03T14:32:59.000Z""","ROU-TOFEM_022-NEGR-36"
"5dc677e4-c5be-4c95-afe4-8dff900303dd","""2026-01-03T14:32:59.000Z""","SKS-TIM_097-NUDE-35"
"4d79a75b-0e46-496b-b7df-7842db2c93e5","""2026-01-03T15:21:51.000Z""","KLN-KL_978-BLGR-22"
"a6b77569-40c8-4508-bab4-4202171b28d2","""2026-01-03T14:02:45.000Z""","MOL-52059-MNCM-37"
"ecf85c06-ccd9-445f-a32d-c00c575a4e75","""2026-01-03T15:21:20.000Z""","SKS-SJE_232-AZUL-34"
"5d5a8d3b-0226-4fb7-baa9-c262f51904d9","""2026-01-03T15:23:09.000Z""","ADD-JQ2296-BLOF-6"
"771f51a6-2ca8-4034-8384-969ecc514415","""2026-01-03T15:22:09.000Z""","SKS-ADO_269-RJND-36"
"f02be151-5cc8-482f-92ff-bdefd0c010df","""2026-01-03T15:00:25.000Z""","NSM-NWS_003-BLAN-39"
"df6f4bc3-b4e0-4c71-8945-ce6f4d5bee77","""2026-01-03T15:24:51.000Z""","SKS-STP_097-CELE-39"
"c421b356-925e-46d4-afd6-de42cf0d190a","""2026-01-03T15:24:29.000Z""","JAC-LC_217-AZRS-31"
"8991f987-9b4e-4fca-a78d-26ab8df5ca54","""2026-01-03T15:26:46.000Z""","MOL-5296130_CY-NEGR-37"
"8893f99b-0072-4eb0-adaf-1f1d2269a307","""2026-01-03T14:52:59.000Z""","RID-2RDB31-NEGR-43"
"193dfffb-1a86-4a3c-925d-449ca2db2546","""2026-01-03T15:28:58.000Z""","BRB-2AR1092-BLAN-31"
"c1c71c14-2402-4313-93b3-f7bbac81a27b","""2026-01-03T15:30:33.000Z""","MOL-5496101_CY-PLAT-36"
"ae4becd2-b05b-46d7-9c97-1b7d39e11fe2","""2026-01-03T15:30:33.000Z""","VIZ-6371167-ORRS-34"
"7c5b126b-c667-4ffc-a65e-c91bc12f7a08","""2026-01-03T14:46:59.000Z""","ESK-ZA_B164-NEGR-38"
"f83f8a94-2a15-4de9-aff0-925f398d0083","""2026-01-03T15:26:35.000Z""","ROU-TOFEM_035-BLAN-36"
"35d3c6cb-9c72-45cc-9e73-ed16f41cb79b","""2026-01-03T15:30:45.000Z""","PUM-396181_61-BLAN-7"
"9469c667-bf31-46c4-bc5d-93d4ea34cb5d","""2026-01-03T15:35:42.000Z""","SKS-TIM_104-NEGR-38"
"6ab39919-ce5e-47af-8634-520bfa69306e","""2026-01-03T14:49:37.000Z""","AMD-AST_205-COÑC-38"
"992341a1-ef1d-4ef8-ba01-5f13680d9c73","""2026-01-03T14:44:35.000Z""","NSM-RNA_031-CELE-38"
"fdbddfd0-80a2-4122-a142-1a37c64fae89","""2026-01-03T12:05:05.000Z""","NIK-DH2987_002-NEGR-9"
"7ba44181-7c8b-4188-9917-c5ed6896f5e3","""2026-01-03T13:58:36.000Z""","SNO-2FY0331-BLAN-39"
"74f15b37-498d-461f-ac04-e32e8cdc2a01","""2026-01-03T13:52:51.000Z""","MOD-7014229-NEGR-35"
"ff2035dd-a08c-4995-9c9b-8d9867e8255d","""2026-01-03T15:06:51.000Z""","VIZ-6292275_CY-NEGR-38"
"dbb0411f-89cc-4953-91df-b5aa67f531c6","""2026-01-03T14:51:48.000Z""","JAC-LC_209-PTRS-30"
"adee55e8-9c41-4d1f-aaaa-74e364afbdad","""2026-01-03T15:38:19.000Z""","GRD-2GDG75-NEGR-37"
"8455b971-30fc-4b18-a195-a587127808b9","""2026-01-03T14:51:48.000Z""","JAC-LC_211-RSBL-30"
"fea67b64-0891-4ebc-bde4-29340000f0a6","""2026-01-03T14:51:48.000Z""","JAC-LC_215-BGRS-30"
"aa5f24fb-142d-4bd1-83e9-2eb222fe7859","""2026-01-03T14:20:04.000Z""","AVN-2GVB34-CELE-29"
"da05aa05-2ded-4459-907b-2b4e77bcf42f","""2026-01-03T15:26:46.000Z""","ADD-IH7973-NGBL-10"
"2067e959-e10a-4630-b56c-151ebba662f4","""2026-01-03T15:39:28.000Z""","BLU-2BU0551-CELE-29"
"092966bc-c961-495d-bc32-d56f3c1aac81","""2026-01-03T15:11:45.000Z""","SKS-YQ_071-ROSA-36"
"03a8afcc-2519-4cb1-bb40-3633f7f2d3b7","""2026-01-03T11:51:51.000Z""","BEI-41361102-BGNG-36"
"41238739-a05c-44a5-beb2-7dc590575cf0","""2026-01-03T14:30:14.000Z""","PUM-380067_34-LILA-4.5"
"d640f87b-8e0d-445e-b46d-d9053e4fc74a","""2026-01-03T15:30:33.000Z""","VIZ-6371167-PLAT-36"
"30e0befb-c5cc-41ab-b8c8-43eb698d9f9c","""2026-01-03T15:30:33.000Z""","VIZ-6291927-NEGR-37"
"42f2b352-aa56-4380-a0c4-c82869569654","""2026-01-03T15:20:31.000Z""","MOD-7137123-NEGR-37"
"6a664057-9c55-4a64-9f59-2c3ecb9031a5","""2026-01-03T15:20:31.000Z""","MOD-7320263_CY-DORD-38"
"c078a8ef-7b45-4832-848a-5424d80cdd23","""2026-01-03T15:22:02.000Z""","PUM-107766_01-FUCS-7.5"
"a340d291-8d28-4d22-b4ff-dd8e9e831138","""2026-01-03T14:51:13.000Z""","IPN-2IPV71-AZUL-38"
"7076d05c-9a53-4b96-aa63-d8b6908e61ac","""2026-01-03T14:50:42.000Z""","MLK-2424_205-NEGR-36"
"6183f973-d1a4-4906-b52d-a2c4c06828cb","""2026-01-03T12:42:34.000Z""","BRB-BRB_0202_A-GRIS-16"
"c234cbb7-2bba-4a21-83ed-cd9626e1b096","""2026-01-03T14:48:42.000Z""","SKS-WI_078-TAUP-37"
"aab4e73f-f587-4020-ba08-34e043b9ef7b","""2026-01-03T11:35:10.000Z""","NIK-HM9862_002-GRBL-9.5"
"a983488a-cd5c-4b51-a9d8-8b76c0f2c98c","""2026-01-03T15:16:59.000Z""","SKS-STO_573-NUDE-L"
"f1509369-8485-4b7f-9a0c-53ea5319f3fc","""2026-01-03T14:55:21.000Z""","SKS-SFA_128-BEIG-S"
"111ae1db-d598-4ccd-8647-6fb020bd9460","""2026-01-03T14:55:21.000Z""","MOL-52059-MNCM-35"
"8f603c23-9b7e-4f47-ba91-0d5f421a4e1b","""2026-01-03T14:55:21.000Z""","SPD-2GAB34-AZRJ-27"
"a01e848e-3eb3-42b0-a301-93007e359987","""2026-01-03T14:32:53.000Z""","RID-2RDA67-BLAN-37"
"e244ebaf-09ea-46dd-8640-2ef8f296c12c","""2026-01-03T14:32:10.000Z""","TRN-2TR244-AMAR-27"
"1082899d-2ee2-4c46-a948-9b3a3ef85003","""2026-01-03T14:24:05.000Z""","RID-2RDJ72-AZUL-39"
"7e09667a-ef28-4213-b271-da673fd92a22","""2026-01-03T15:13:06.000Z""","SKS-SBL_933-VRMN-S"
"938327fc-3388-45c5-a904-c49438ef004c","""2026-01-03T15:45:21.000Z""","STT-2TY0561-LILA-37"
"a4963c0c-14b9-467f-97a1-83b2865fc75a","""2026-01-03T14:39:02.000Z""","SKS-TIM_096-NEGR-39"
"31cd737f-8e11-422a-9404-d97c29040c67","""2026-01-03T14:39:02.000Z""","SKS-TIM_096-BEIG-39"
"87ecd6f1-2fa7-4a88-8a1b-a22d28e8657a","""2026-01-03T14:10:48.000Z""","ACT-4929103-NEGR-38"
"e8150b90-76bc-433e-b121-96096d864fb0","""2026-01-03T15:20:31.000Z""","MOL-5297559_CY-ROSA-36"
"2442432b-1ead-419d-8df5-2937aaf3ac22","""2026-01-03T14:09:20.000Z""","SKS-ADO_230-BLNG-35"
"d20ec110-0f06-4444-9695-50f1df207b02","""2026-01-03T14:32:59.000Z""","ESK-S_W712-NEGR-35"
"3fa4cd24-9000-4fef-a509-7a61f2e31dc9","""2026-01-03T14:57:05.000Z""","NSM-WOL_132-CAML-37"
"143750a1-b8b2-43db-92a8-79039ba5410b","""2026-01-03T12:07:53.000Z""","SKS-SVE_406-BLAZ-S"
"8773d20d-d6ff-47b6-82a2-46248adf4500","""2026-01-03T14:34:25.000Z""","BRB-2AR12672-RSDO-33"
"78da2def-7fdd-4a15-ad5e-3c85eed51877","""2026-01-03T14:34:25.000Z""","BRB-2AR12631-FUCS-34"
"baed8603-093e-44dd-ae09-b3cd2e0a86b8","""2026-01-03T12:21:18.000Z""","MOL-5494100-NDDR-37"
"9f573029-cec0-4284-9995-6543e6b07c7e","""2026-01-03T15:04:50.000Z""","BRS-2289105-BLAN-40"
"c9b2d05f-4ac6-4599-81d7-ffec151dbb9e","""2026-01-03T15:51:24.000Z""","SKS-ADO_250-BLAN-36"
"396c7592-50f7-445a-9c36-637b6ed9e3b2","""2026-01-03T15:51:24.000Z""","NSM-NWS_002-NEGR-36"
"230f57d6-f760-4e30-a40d-79047600dc98","""2026-01-03T12:26:20.000Z""","ADD-JR1676-VERD-8"
"a9733857-4d45-49b8-a906-1062b2a0d67f","""2026-01-03T12:26:20.000Z""","MOL-52059-MUNE-36"
"69d8ab76-d1d2-4a31-92c3-810db4dcadff","""2026-01-03T13:26:34.000Z""","VIZ-1185702-MRNO-36"
"109a2a3d-262c-4497-b47c-b8c80d5c7e47","""2026-01-03T15:57:16.000Z""","NSM-WOL_139-CAML-37"
"5c6835ae-62fb-4494-b231-0693e73b0be6","""2026-01-03T14:41:15.000Z""","NSM-Q5_115-AZUL-37"
"78bdd073-4c30-4be9-a727-702aaa201fbb","""2026-01-03T15:59:12.000Z""","VIZ-62832118_CY-BLAZ-36"
"ba2c6569-8423-49db-85f0-65cba0bde8e9","""2026-01-03T15:45:53.000Z""","JAC-LAR_012-BGRD-27"
"af476d4b-fb7f-408a-9992-89811905ade7","""2026-01-03T15:59:25.000Z""","CAR-2GCC80-GRNG-42"
"b58f2c8f-6210-4cca-97f6-ba581a5353d2","""2026-01-03T15:55:52.000Z""","ADD-ID8199-BRGD-10.5"
"36996cc0-c936-45ab-ab8e-f2db5a46ade8","""2026-01-03T15:49:51.000Z""","SKS-STP_098-ROJO-37"
"a38db175-d90a-44b3-9755-904488d9aba5","""2026-01-03T15:37:59.000Z""","SKS-STP_098-NUDE-38"
"2b436487-492c-423f-8e5f-4bea75f0a70e","""2026-01-03T16:01:12.000Z""","SKS-QIM_002-ROSA-M"
"0aa82f98-c70f-4ee1-baab-9c1ee10d3569","""2026-01-03T16:00:44.000Z""","MOD-7137123-NEGR-37"
"f0bfc576-18e3-48c8-af85-d428c86f04b5","""2026-01-03T16:04:36.000Z""","PUM-528037_56-GRIS-L"
"d54efb1e-aa16-4db9-b9a3-56507b1c082f","""2026-01-03T16:04:22.000Z""","BRB-2BY122-RSDO-35"
"107491a1-da1c-4961-beff-a51ea5151682","""2026-01-03T16:06:03.000Z""","ONP-2OPY0031-NEGR-40"
"ebbb81bb-868a-48ca-ac59-439054558a1a","""2026-01-03T16:06:07.000Z""","VIZ-6282469_CY-NTNG-37"
"f916cf3c-e15a-48b1-9a1f-e90a2ff4c938","""2026-01-03T16:07:13.000Z""","ADD-JS2873-BLAN-8.5"
"92f381f9-f6c4-4dc4-8f03-927f0f5c265f","""2026-01-03T16:09:08.000Z""","SKS-ITE_724-NEGR-37"
"4e616b01-f7d9-4c37-bea9-d7c4a5bb68f3","""2026-01-03T16:11:22.000Z""","KLN-KL_1021-AZUL-26"
"bfa846c6-1416-40a6-9f51-7dafe2af5340","""2026-01-03T16:11:22.000Z""","KLN-KL_1017-NEGR-25"
"6bb1fa83-27a8-47cd-bc99-782c14165711","""2026-01-03T16:15:06.000Z""","JAC-LC_220-VINO-29"
"5f9427e4-2bdc-404c-8b1f-26803f44c356","""2026-01-03T14:57:57.000Z""","NSM-Q5_129-BLLL-37"
"22f9b132-0c78-4179-a5eb-e9c4b369d814","""2026-01-03T15:58:45.000Z""","PUM-400217_07-BLAN-8"
"1a8b5cf5-15b6-457d-aad1-1d9e7c17172d","""2026-01-03T16:14:13.000Z""","ESK-S_PM15-TOFE-35"
"2e5f483a-dab2-4024-8a46-d14c08b3447c","""2026-01-03T15:20:14.000Z""","VIZ-6282413_CY-MUMA-37"
"983211d4-a635-4fe5-9edd-27004dddb1a7","""2026-01-03T16:16:43.000Z""","ESK-S_PM15-TOFE-35"
"827bb100-3c50-497c-a006-e9ed6941959c","""2026-01-03T16:20:16.000Z""","SKS-ADO_258-NEGR-36"
"ddab9724-b2f0-48ad-b706-8befcdcc8838","""2026-01-03T16:23:09.000Z""","SKS-TIM_104-HUES-35"
"ed8a928b-7ff0-48e5-a092-7c1626c3d36f","""2026-01-03T16:24:16.000Z""","BRB-2BY121-NEGR-40"
"7edfe776-abe8-4c9d-8034-dede43a89f9f","""2026-01-03T15:24:29.000Z""","JAC-CDL_045-HUES-UNC"
"0e54fd69-b188-48bf-994d-c351dcb47f20","""2026-01-03T16:27:47.000Z""","GRD-2GDO47-ORO-36"
"807573ea-ab78-4d21-925e-c51e182293b2","""2026-01-03T15:34:59.000Z""","SKS-TIM_104-NEGR-35"
"c20f8623-b534-4727-98e3-c3cc002ae622","""2026-01-03T16:27:23.000Z""","SKS-ARL_004-DORD-39"
"d773a979-94c2-42a7-af13-77a23e225bba","""2026-01-03T16:33:04.000Z""","SON-2SOC70-AZRJ-31"
"ef76c76a-5027-484d-bbaf-173c62bdff02","""2026-01-03T16:33:04.000Z""","MOL-5156705_CY-NEGR-36"
"5e72a771-ee68-4255-a8e0-e249e7124694","""2026-01-03T16:18:24.000Z""","IPN-2IPD75-ROJO-37"
"31290920-1a18-4841-bc4f-988a8585e664","""2026-01-03T16:33:04.000Z""","MOL-5496101_CY-PLAT-36"
"08e7b477-622a-4ae4-8aa0-c874f86ad165","""2026-01-03T16:33:06.000Z""","VIZ-62832118_CY-BLAZ-36"
"4035c308-49ca-45b4-a0fc-a9fe44d78e91","""2026-01-03T16:33:06.000Z""","BEI-41361102-BGNG-36"
"a4de6eca-a23b-4c9a-abef-9d9d85728665","""2026-01-03T15:43:27.000Z""","AMD-TSL_205-AZUL-40"
"111ec921-7e68-43bd-8c74-9e0b0c4ce507","""2026-01-03T15:48:35.000Z""","SKS-ITE_722-NEGR-37"
"afdba79f-f0d4-434b-ba5e-c0cf53d7e3fc","""2026-01-03T16:01:12.000Z""","SKS-STP_107-NEGR-37"
"4b4021f0-e26f-4c1c-80ac-ec75c4cebdde","""2026-01-03T15:55:52.000Z""","MOL-5496101_CY-NEGR-38"
"10bc6366-ab3b-49ef-a3a3-6f9f550c818f","""2026-01-03T15:24:21.000Z""","MOL-52059-MNCM-36"
"8ecef220-6bb4-4df9-b21b-b9be83ed0736","""2026-01-03T16:35:52.000Z""","SKS-TIM_100-ROSA-36"
"5a651ac2-22f6-4aa8-9db4-c0ec8e8e4bc5","""2026-01-03T15:24:21.000Z""","MOL-52059-MUNE-36"
"7b5ebcd0-eac7-4dec-849c-56bbf37e15f7","""2026-01-03T15:55:09.000Z""","KLN-KL_972-HUES-20"
"fc85e243-dacc-4910-94ab-f51ac0b712b7","""2026-01-03T16:27:07.000Z""","ADD-ID3785-BLAN-8"
"efa80119-408b-47c7-a80f-4d1b56bc48e8","""2026-01-03T16:09:33.000Z""","SKS-YQ_076-BEIG-36"
"b1d835b5-fc3e-43a9-be21-c18a963dc8b3","""2026-01-03T15:47:58.000Z""","SKS-SUN_323-CAPI-37"
"db67b163-3676-4e8f-9ec9-789e6cfb7144","""2026-01-03T16:07:06.000Z""","NSM-Q5_129-BLAC-39"
"f47ef70a-71bb-49d6-93d9-707db56a7709","""2026-01-03T15:20:58.000Z""","JAC-SC_B88-CAML-28"
"02030225-a280-40b1-b221-7308186d42ab","""2026-01-03T16:18:17.000Z""","NSM-BRIT_035-ROJO-37"
"f4018c8f-1a52-4a5f-b2f4-fd4b287b2956","""2026-01-03T17:22:40.000Z""","ESK-S_SP408-NEGR-36"
"f0a34a88-a9fd-44c4-b02f-ed71cee733c0","""2026-01-03T17:21:41.000Z""","SKS-YQ_062-CELE-39"
"66ae7d92-9660-4789-ad2b-a12156d87902","""2026-01-03T17:22:53.000Z""","SKS-WI_073-NEGR-36"
"5d94dc94-d0d4-4dbc-a59a-577c92fbe828","""2026-01-03T17:23:33.000Z""","REE-100046079-NEGR-10.5"
"00129449-9824-4add-810d-3b35287fa615","""2026-01-03T16:15:31.000Z""","URB-LINK_003-GRAZ-43"
"1afcfc09-50e3-4c78-82a6-54ed04c83e98","""2026-01-03T16:15:31.000Z""","SKS-ITE_711-NUDE-39"
"c03bdaa2-d0b6-42bd-bc1b-88532983af8d","""2026-01-03T16:15:31.000Z""","SKS-ITE_714-ROSA-39"
"e71f3e6f-7e8e-48d3-8347-34376e3df027","""2026-01-03T16:45:50.000Z""","SKS-TIM_098-CELE-36"
"02d8c07a-0d71-4e4c-bf67-7689743e62f7","""2026-01-03T16:50:05.000Z""","SKS-QIM_002-NEGR-M"
"c306c51b-565b-4590-8026-942eb441e3f1","""2026-01-03T17:25:44.000Z""","ROU-TOFEM_024-BLAN-36"
"38b309e0-7c08-4d86-b382-8422b42d0b1d","""2026-01-03T17:27:22.000Z""","SKS-GZO_322-NEGR-UNC"
"1915135b-e8ba-4050-97e2-6bf5e27b8c74","""2026-01-03T17:27:11.000Z""","BRB-2AR12661-RSDO-31"
"63d3de3f-f192-4c17-a75c-10061eee28cc","""2026-01-03T17:28:09.000Z""","ROU-TOFEM_027-NGBL-35"
"5bd06469-d45b-4f89-9184-315129c2f284","""2026-01-03T17:28:19.000Z""","SKS-TIM_096-NEGR-36"
"91e829ed-0fce-48d1-a39a-3634311b1806","""2026-01-03T17:26:45.000Z""","SKS-TIM_097-MENT-36"
"bd25bf8d-0e75-4aa8-a7ac-6fed6c809e88","""2026-01-03T17:28:06.000Z""","SKS-QIM_002-CELE-XL"
"a95f8b69-9a50-4063-825f-ce7424b91376","""2026-01-03T17:28:38.000Z""","REE-100233876-NEGR-5.5"
"008a606d-5772-4819-9e8b-64eb496b2fce","""2026-01-03T17:28:57.000Z""","ESK-S_W413-AZAR-38"
"f4fc6378-aa9e-4c60-9636-f2002e5ba39c","""2026-01-03T17:30:33.000Z""","BEI-4283105_CY-NEGR-35"
"5b419747-ca64-40d2-9df8-fe90cb2bc7a5","""2026-01-03T17:33:04.000Z""","SKS-ADO_251-NEGR-35"
"98f79a52-6db5-49db-ab22-7e355e2905d7","""2026-01-03T14:12:05.000Z""","JAC-LIK_233-RDBL-33"
"1c4d5f60-1a24-40b2-82a2-366155b2c8bf","""2026-01-03T17:34:28.000Z""","NSM-YAQ_615-ACER-36"
"014dc520-1b16-4b80-81cb-293f8d0cb626","""2026-01-03T16:19:38.000Z""","NIK-HF1233_110-BLAN-6.5"
"5a00dd63-f92a-4979-a26f-0e8722e39ade","""2026-01-03T17:34:57.000Z""","SKS-GZO_282-CAML-UNC"
"f1aa5596-f9c6-4675-8593-b963197730f0","""2026-01-03T17:17:14.000Z""","SUP-2UY0071-AZUL-39"
"b482e6fd-a30d-4fc8-80bd-96d2d22933c3","""2026-01-03T17:08:20.000Z""","ACT-4829325-NEGR-37"
"eeb372f1-29e1-465f-84fa-356b9e196bbe","""2026-01-03T17:35:46.000Z""","SKS-QIM_001-BEIG-M"
"7b2cd82d-0de5-4317-a751-371996b6fd82","""2026-01-03T16:27:14.000Z""","VIZ-1307202_CY-BLNG-36"
"7631e885-1207-4ce2-b032-b34d20455776","""2026-01-03T17:14:56.000Z""","REE-100209325-BLAN-1"
"0d70a28d-7432-4639-b0c4-94de838f9de4","""2026-01-03T17:00:12.000Z""","ESK-ZA_W134-NATU-39"
"fba4b7f6-83dd-4850-8239-50e3a9ebb1d5","""2026-01-03T15:56:06.000Z""","NIK-FB7691_401-AZUL-7"
"370ecef3-1f73-4b65-aa1c-398d1d73d4b6","""2026-01-03T16:31:02.000Z""","URB-SND_155-COBR-40"
"ee3707b0-463d-462d-82ae-48dd9fed1103","""2026-01-03T16:46:57.000Z""","PUM-107943_01-CELE-9"
"a2a6571e-1650-4a84-8129-4cac4417d5d9","""2026-01-03T16:23:03.000Z""","VIZ-11851145-NGOR-37"
"8bd1964e-5863-47f2-8e92-a7eccc8cfad2","""2026-01-03T17:27:17.000Z""","ADD-JH6318-BLAN-11"
"281591b9-fd0d-4b7a-8c01-d6016fc665f9","""2026-01-03T17:33:55.000Z""","MOL-52059-MUMA-37"
"28dc2fa9-7540-40c6-94a2-da805f9851cf","""2026-01-03T17:33:55.000Z""","MOL-52059-MUNE-37"
"2ebbbca6-bec8-4db8-ab85-8daaf9c999aa","""2026-01-03T17:20:41.000Z""","SKS-NW_082-AZUL-38"
"a7271a60-d0e4-42e1-8676-08fa843f91fe","""2026-01-03T17:29:07.000Z""","NSM-WOL_132-CAML-37"
"56a0e925-5ace-43e2-ae6b-ca4ef456089c","""2026-01-03T17:32:04.000Z""","NSM-Q5_135-NEGR-37"
"7cf91e8c-e034-4ffe-9235-4ce202105ba4","""2026-01-03T17:32:27.000Z""","ZAX-2GZD27-NEGR-37"
"9437d246-d57c-4318-8ccf-2011385cc569","""2026-01-03T16:25:19.000Z""","SKS-QIM_002-NEGR-M"
"60cd2cb1-ba72-49f5-8c26-ca96439aa060","""2026-01-03T17:28:38.000Z""","OLK-FLIT_3-NEGR-35"
"404b2807-ced4-4328-ab2c-6960c235e0d4","""2026-01-03T17:30:33.000Z""","MOD-7013600-NEGR-34"
"c212d87e-f3be-433b-9158-1bde7471bf18","""2026-01-03T17:23:33.000Z""","VIZ-6282469_CY-NTNG-35"
"77ba7bc5-9f97-4112-b177-085d0d38e3c5","""2026-01-03T17:23:33.000Z""","SKE-118250_NVY-NAVY-9.5"
"13690951-a8eb-438a-b5b5-a11932776cfd","""2026-01-03T17:28:38.000Z""","BEI-4283104-NEGR-35"
"35f2fceb-0fd7-4c41-a130-2dbacf3cffc1","""2026-01-03T17:30:33.000Z""","MOD-7397101_CY-CREM-35"
"a374e17e-b37f-46ea-88fb-e7be3080a092","""2026-01-03T15:36:53.000Z""","CAL-UCE008ZL-GRIS-41"
"2178bc33-1dda-4c96-b96d-894ddbffaa54","""2026-01-03T15:35:20.000Z""","AMP-36899_CY-NEGR-UNC"
"11d2d168-4f7f-49ff-a68e-0f4048542f6a","""2026-01-03T15:39:51.000Z""","JAC-FIL_007-FUCS-21"
"94b74185-3d6d-485a-80f8-a8f848a00bc8","""2026-01-03T16:50:02.000Z""","SKS-ADO_241-NEGR-37"
"096904a2-f3ba-44db-b109-146302be9b2c","""2026-01-03T16:43:12.000Z""","AMP-37358_CY-BEIG-UNC"
"f4854e89-8642-4d2c-8c0c-1317f1e64bf6","""2026-01-03T16:43:12.000Z""","SKS-SPA_234-PARS-L"
"7ef7fc86-c9fa-4507-9909-f7ea325fadfc","""2026-01-03T16:52:16.000Z""","SKS-TIM_097-NEGR-38"
"8f649024-5f8e-416f-a202-e267c274a7f0","""2026-01-03T16:54:50.000Z""","SKS-TIM_096-NEGR-38"
"9f4480b3-2596-4f51-a9a1-b0a2c05f9fce","""2026-01-03T16:11:51.000Z""","JAC-LAR_012-BGRD-27"
"21c9c6eb-5ab9-4b3a-9f6c-971feeea1774","""2026-01-03T17:40:11.000Z""","MOD-7198103-MUNE-37"
"1e9bf8a4-6131-46b4-91d6-08d15cdb4135","""2026-01-03T16:38:10.000Z""","ESK-Z_F111-MARR-35"
"12bc352d-c757-4d4a-8a13-3826eaaaeae6","""2026-01-03T16:41:52.000Z""","PUM-400217_07-BLAN-5.5"
"8ad5a7dd-ff7c-49a0-81f3-c443ee094b7d","""2026-01-03T17:10:54.000Z""","VIZ-1290530_CY-BLBG-37"
"df542fe0-d1ea-4617-8dee-3f2a3acd07d9","""2026-01-03T16:38:10.000Z""","GRD-2GDO46-NEGR-36"
"09089d8b-eb0c-4e9c-bb76-d9aea7d70215","""2026-01-03T17:02:09.000Z""","PUM-400217_07-BLAN-8"
"747feaf4-d172-4543-9d4b-4e09490978f1","""2026-01-03T16:15:31.000Z""","SKS-NW_071-NUDE-38"
"71396282-1b79-4df8-96da-3737401d4c05","""2026-01-03T16:15:31.000Z""","SKS-MNG_066-GRVR-38"
"45d03610-8ad9-4b01-96e2-4e5c7ae2a5c6","""2026-01-03T16:36:34.000Z""","SKS-NW_082-AZUL-38"
"6b148e16-e36d-43b1-a61a-03f457a1e87e","""2026-01-03T16:17:58.000Z""","MKN-21061029-FUCS-24"
"a8d97d11-4f12-4ae6-8804-e043b3500d5f","""2026-01-03T15:02:50.000Z""","BRB-2AR12731-FUCS-24"
"12e935cf-5de3-4772-b443-343300653670","""2026-01-03T15:02:50.000Z""","DRB-2DB015-NARJ-28"
"a1345a69-9bd9-4132-b754-14a20a5d9f17","""2026-01-03T17:20:41.000Z""","SKS-TIM_098-CELE-37"
"191ba7fc-c414-42c0-b1a2-18008edde0f9","""2026-01-03T17:20:41.000Z""","SKS-GZO_302-AZNT-UNC"
"c55b1850-aade-4da1-903c-e3c98f5ac136","""2026-01-03T17:20:41.000Z""","SKS-GZO_302-HUES-UNC"
"38e9aa7d-78da-4dd7-958a-780be709244d","""2026-01-03T14:39:10.000Z""","BEI-4283105-MUNE-35"
"c1217d1f-c85d-4197-a1da-04d37ceb66a6","""2026-01-03T17:14:39.000Z""","SKS-GZO_282-CAML-UNC"
"22e00818-588e-47af-9038-9148b4f9a36f","""2026-01-03T14:34:48.000Z""","NSM-Q5_129-BLBG-38"
"cc9864aa-37b5-4b35-b917-63e0f9061b38","""2026-01-03T15:32:28.000Z""","KLN-KL_983-AZUL-21"
"1fcc7a93-9fcf-4361-967f-4b80454f9110","""2026-01-03T14:12:05.000Z""","BRB-2AR12672-RSDO-33"
"3daba307-388c-4c7d-b656-5651a292cd05","""2026-01-03T16:21:48.000Z""","MOL-5496101_CY-PLAT-38"
"ef56afb7-5760-4bce-8e70-22ce88a7f3be","""2026-01-03T17:42:27.000Z""","ESK-MON_104-VRHS-UNC"
"26787f2d-cadf-4c12-8537-528d8a26f6df","""2026-01-03T16:50:02.000Z""","SKS-YQ_060-FUCS-37"
"26b1f598-b17e-4502-aa13-e089d08152e5","""2026-01-03T16:50:02.000Z""","SKS-YQ_060-MENT-37"
"1d48ca1e-a110-4226-b066-abec90b66e1d","""2026-01-03T16:35:59.000Z""","PUM-107485_03-NEGR-10.5"
"c5fbfee0-5e3b-4ecd-8ee1-acdba9f2807e","""2026-01-03T17:25:44.000Z""","ROU-TOFEM_024-AZCR-36"
"f7b3062f-072e-4b8f-b8cc-dc4f3e0092fb","""2026-01-03T17:25:44.000Z""","ADD-JI4085-VINO-8"
"e8141327-b5de-49b7-a52a-e74484956ca5","""2026-01-03T16:10:52.000Z""","SKS-STP_107-CAML-37"
"03ba57d2-6c4e-49d7-8ea7-fb7599feb703","""2026-01-03T16:20:55.000Z""","ESK-PR_ZW4-NEGR-37"
"eb1b64cc-c1dd-43d4-b9fa-06e8bad8a193","""2026-01-03T12:27:04.000Z""","SKS-WI_086-NATU-36"
"6357030e-fd91-4324-a792-2fb0edc4723b","""2026-01-03T16:37:54.000Z""","SKS-SCA_221-CELE-L"
"80416fc6-735f-4206-8589-23a5305b0854","""2026-01-03T17:44:36.000Z""","SKS-QIM_002-ROSA-XL"
"7dbf37fc-0e61-434d-b524-0b6470d4bdad","""2026-01-03T16:49:03.000Z""","IPN-2IPS02-VRML-38"
"a0b625e9-0d22-4081-8516-46bc9d4d1eec","""2026-01-03T16:49:03.000Z""","IPN-2IPG63-AZUL-38"
"4e9a8c4a-a724-4b4b-b926-444a4e57e88a","""2026-01-03T16:49:03.000Z""","GRD-2GDE42-NGMR-38"
"198cb31e-eee6-4967-bca1-f2af49fa3c38","""2026-01-03T16:50:18.000Z""","RID-2RD574-NEGR-43"
"e47f62c1-8c8e-4a7c-9aa4-f006babc3488","""2026-01-03T16:55:39.000Z""","CAR-2GCI40-PLNG-41"
"c6585a93-8b57-4d7d-982d-ef24cb44f6dc","""2026-01-03T16:56:01.000Z""","CAR-2GCA40-MARR-41"
"2267fd5e-d8ce-447c-bee1-e3980ea8f183","""2026-01-03T17:29:34.000Z""","RID-2RD574-NGRJ-39"
"99f5ccf0-d95e-4767-af8d-2bcd1ef28b92","""2026-01-03T17:34:51.000Z""","NSM-Q5_138-NEGR-35"
"a142d404-9867-42d4-a031-6b20ef6596d2","""2026-01-03T17:46:39.000Z""","KLN-KL_1033-ROSA-31"
"c91327e3-26fa-4a9d-9b93-368aeb39c59b","""2026-01-03T17:11:35.000Z""","SKS-GZO_278-BEIG-UNC"
"28368c25-ed25-40ad-aba5-9ad75e37ccea","""2026-01-03T17:47:35.000Z""","MOD-7014229-BEIG-36"
"80182e43-23cd-4a03-bcfc-1c638ba022d8","""2026-01-03T17:47:14.000Z""","SKS-GZO_278-NEGR-UNC"
"2ccade24-8677-4298-bfbd-3499871a81e2","""2026-01-03T17:47:59.000Z""","SKS-ADO_258-BLDR-35"
"acd8bd68-6269-4746-a48a-8e0281011902","""2026-01-03T15:59:15.000Z""","NSM-BRIT_013-BLAN-38"
"672d1658-0e23-4df2-a6b2-24b2631e0911","""2026-01-03T16:06:07.000Z""","VIZ-6282413_CY-BLMA-38"
"acabe19e-7e26-4a1f-9f1a-00e51a530303","""2026-01-03T16:26:10.000Z""","NSM-BRIT_014-NEGR-38"
"06037d37-96e4-4ca6-bacf-d6fa4a63fe36","""2026-01-03T16:38:10.000Z""","NSM-BRIT_029-NEGR-35"
"03705709-1944-46ec-967f-47d2c7e6a887","""2026-01-03T15:19:12.000Z""","ESK-ZA_W149-BLAN-36"
"af3bd01f-d5bf-41b0-9ef4-2253f20fe78f","""2026-01-03T14:53:27.000Z""","REE-100033496-BLNG-13"
"9b525fab-7c4d-41e2-a2ab-6cbe601dfe6f","""2026-01-03T16:39:00.000Z""","SKS-STP_098-ROJO-37"
"385d52cb-d935-443f-aae6-05520f076e05","""2026-01-03T15:37:37.000Z""","REE-100032921-NEGR-8"
"b8f2ef61-d260-47c7-9e1a-b62d7426541f","""2026-01-03T15:02:50.000Z""","BRB-2AR1225-FUCS-24"
"b813e595-3c5c-4979-aa77-f9350978599a","""2026-01-03T14:39:10.000Z""","MOD-7397101_CY-CREM-37"
"8aaf6870-f9db-4dab-a9fb-653ac80580f1","""2026-01-03T16:24:16.000Z""","SNO-2FY0361-AMAR-39"
"90a9c75d-90c6-4925-a0be-20d3a63a21dd","""2026-01-03T14:52:45.000Z""","BRB-2BY1211-RSDO-36"
"515e3753-1eba-4654-8857-1d6b2bbefb9c","""2026-01-03T16:03:24.000Z""","SKS-YQ_061-NEGR-38"
"b2ce3f53-aae7-4fce-b275-57072681caa4","""2026-01-03T14:48:35.000Z""","REE-100202215-BLAM-9"
"14acaaca-5f24-4715-bcab-5a75fdab8cad","""2026-01-03T16:09:55.000Z""","NSM-Q5_137-NEGR-39"
"89f97e05-f519-4b50-8471-dddb41c2f734","""2026-01-03T16:09:55.000Z""","SKS-TIM_097-NUDE-39"
"f46835fa-433f-4d5f-8ff0-9a45d39b386b","""2026-01-03T16:09:55.000Z""","SKS-TIM_097-NEGR-39"
"1c070474-ada5-44cd-9289-c0b4bb02b5a1","""2026-01-03T14:52:45.000Z""","SKS-SFA_128-BEIG-XL"
"f9df2f40-2b0b-4b30-ad5b-202c74079625","""2026-01-03T16:15:45.000Z""","ADD-IE3630-NEGR-6.5"
"3ab5e4ea-8f4c-4367-a961-cd5a3fed307e","""2026-01-03T16:17:22.000Z""","JAC-LC_198-BLAZ-31"
"f31b6c37-7d3e-4292-8659-08b6fe57fa83","""2026-01-03T17:50:12.000Z""","SKS-ITE_722-NEGR-36"
"9208f1fb-4aed-42c6-b9fd-d21a332e0e9c","""2026-01-03T17:50:40.000Z""","MOD-7014229_CY-BEIG-37"
"1abbab5c-de3d-42f9-bb45-2c3d1333b9f2","""2026-01-03T17:54:21.000Z""","SKS-CJT_070-BLAZ-S"
"133d9e54-af25-4273-80a4-0718de706b50","""2026-01-03T17:51:46.000Z""","JAC-LAR_021-NATU-33"
"a2cc3e58-f5db-4e46-a9b6-6c6d2a319409","""2026-01-03T17:38:22.000Z""","IPN-2IPS19-BGCR-37"
"f8c30c94-0aac-484c-8f5b-a4a02ee43226","""2026-01-03T17:38:22.000Z""","IPN-2IPS19-NEGR-37"
"9345d5fb-d3b3-47b7-a436-a60667d808a1","""2026-01-03T17:10:06.000Z""","MIN-2MN10791-FUCS-22"
"36cf6c86-7cea-4b8e-88e8-da8d5423a8c5","""2026-01-03T17:56:21.000Z""","NSM-Q5_139-CAML-35"
"382f3bf6-2143-459f-95cb-a1e44a40e46e","""2026-01-03T17:33:04.000Z""","SKS-MNG_065-NEGR-35"
"0827bfcf-14a5-4452-9d3b-b1f43d35a5f3","""2026-01-03T17:56:28.000Z""","REE-100209977-AREN-8.5"
"618a180b-3053-49c6-8ad0-fb1d98340868","""2026-01-03T17:58:44.000Z""","SKE-403908NVLM-NAVY-22"
"90c8502a-25c1-46d3-8cc1-1f34d2d20e30","""2026-01-03T18:04:49.000Z""","GRD-2GDO51-NEGR-34"
"ca256b27-a104-4205-ac36-12d0ec2bad8d","""2026-01-03T16:41:39.000Z""","REE-100074365-BLMR-10.5"
"152993ac-bf55-49e0-97af-be2100325d8a","""2026-01-03T18:08:31.000Z""","MOL-52059-MNCM-36"
"151a79a0-7eef-4aef-9adf-62df3ee637e6","""2026-01-03T18:14:45.000Z""","VIZ-1285400_CY-BEIG-35"
"6d0f09fa-4614-4520-97c0-0d1313334d29","""2026-01-03T18:05:52.000Z""","RID-2RDF07-GRNG-41"
"6d6834ec-c734-42a5-adcb-a404aa2362ac","""2026-01-03T18:05:52.000Z""","GRD-2GDO86-HUES-38"
"166a5e5e-e514-40f5-809c-45c0d7db5d22","""2026-01-03T18:21:24.000Z""","SKS-QIM_002-CELE-S"
"05d804d6-8b7a-4517-8ec9-36b348161fbb","""2026-01-03T18:21:24.000Z""","SKS-GZO_264-VERD-UNC"
"73b2405d-2f98-4d34-b4f3-d1094998f30a","""2026-01-03T16:57:53.000Z""","MAV-2GVA27-RJGR-31"
"f604dea2-6f76-4cc7-b073-53256a83f4c9","""2026-01-03T18:26:07.000Z""","ROU-TOFEM_029-BLAN-37"
"6b032aec-70a3-470a-af42-6e0f87f62b14","""2026-01-03T17:07:16.000Z""","SKS-YQ_068-NEGR-35"
"96353246-6386-49ba-8e09-d67a882a4a1e","""2026-01-03T17:51:44.000Z""","VIZ-6526100-NGPT-36"
"fedd751a-be44-4608-b70e-e028357593e0","""2026-01-03T17:44:51.000Z""","MOD-7183110-MUNE-39"
"c839e30f-c45c-4e27-8c7d-f6f0810d36a9","""2026-01-03T17:33:04.000Z""","SKS-MNG_067-BLCL-35"
"53818fcb-13a0-495d-a1df-68a6d1dcee08","""2026-01-03T17:32:16.000Z""","NSM-OFER_019-NEGR-35"
"4e3d970c-70fa-4225-ae49-9d548a1dfabd","""2026-01-03T18:07:29.000Z""","PUM-397646_15-BLAN-6.5"
"a7693b56-09f4-4b63-8194-1619bd76e4e9","""2026-01-03T17:05:45.000Z""","AMP-37447-NEGR-UNC"
"a7f04105-3b76-4843-beb8-7c674ae7c120","""2026-01-03T17:06:38.000Z""","URB-SND_152-HUES-38"
"40fc9f16-13a5-4bab-a2b5-dce30edc21da","""2026-01-03T16:57:53.000Z""","MAV-2GVA27-RJGR-27"
"9e5402e4-c016-4af4-b9d4-53078383111d","""2026-01-03T17:06:38.000Z""","MAV-2XMA02-AZUL-33"
"503ff94e-f621-4f45-ac37-4addcef4721d","""2026-01-03T18:25:08.000Z""","MKN-2575102-BLOF-32"
"608b4e80-1550-484a-b39b-9af5e4904434","""2026-01-03T17:34:39.000Z""","SKS-STP_099-NEGR-38"
"6d0a8154-a9c6-455a-809e-02a94e8007b8","""2026-01-03T17:33:33.000Z""","SKS-ARL_018-NGCA-38"
"fc16602a-ab93-4882-892a-637c643513bf","""2026-01-03T17:29:07.000Z""","SKS-WI_080-NEGR-37"
"2d9b7f0d-0db0-4b02-8719-1d9b6695428c","""2026-01-03T17:45:57.000Z""","SKS-SBZ_163-ACER-M"
"cf209498-9b38-4825-b43a-e6d6a296f59a","""2026-01-03T14:33:35.000Z""","SON-2SOC70-AZRJ-31"
"89be6907-ef4c-4f24-9495-80f9b0a8810f","""2026-01-03T17:32:02.000Z""","SKS-TIM_097-MENT-36"
"6eb068e7-5092-4d53-ad61-ccf11fd4c2b4","""2026-01-03T18:21:24.000Z""","SKS-GZO_282-CAML-UNC"
"b4d95c4f-d8be-47f6-8939-6255aeb5b5b9","""2026-01-03T16:55:17.000Z""","MIN-2MN10791-FUCS-22"
"b5d55af7-275e-4424-aaa4-451d4df8104e","""2026-01-03T16:55:17.000Z""","JAC-JOS_008-BEIG-22"
"6abec9a2-ba77-4ecb-a51a-4b11f466b8de","""2026-01-03T18:05:12.000Z""","GRD-2GDO51-NEGR-35"
"d120501f-46dc-411b-8bab-2c34850bf692","""2026-01-03T18:26:07.000Z""","SKS-GZO_314-NEGR-UNC"
"f9f88342-8ef6-4eb1-931c-27435b2c4687","""2026-01-03T16:41:39.000Z""","RID-2RDJ72-AZUL-39"
"f9fceab4-ae57-4c7b-8fdd-d6dfb3ef67e8","""2026-01-03T19:20:15.000Z""","SKS-YQ_072-ACER-35"
"7b84ac55-de4e-4258-9340-b64b0e3d36cc","""2026-01-03T17:46:39.000Z""","KLN-KL_1005-CELE-32"
"a08a0420-b54e-4c96-8323-e0a990fa61c8","""2026-01-03T17:38:22.000Z""","VIZ-6528105-AREN-37"
"1ab8a335-f45d-426d-842f-abf095735393","""2026-01-03T17:55:30.000Z""","REE-100210019-NEGR-7"
"9892ca99-6c06-4b8d-a081-64ed99bbed70","""2026-01-03T17:42:25.000Z""","ADD-IG7324-BLAN-8"
"307d39f9-2b22-4209-ad50-ad24e933c53f","""2026-01-03T17:34:28.000Z""","SKS-NW_083-NEGR-40"
"774812d0-8a53-4b55-aace-e3bad8993a52","""2026-01-03T17:11:00.000Z""","SKS-GZO_264-VERD-UNC"
"5fc51964-f3e8-4b47-a9ad-0d2545b76a0d","""2026-01-03T17:47:14.000Z""","SKS-GZO_322-NEGR-UNC"
"62bf7539-98d9-46b9-b571-776691ba4558","""2026-01-03T19:20:20.000Z""","SKS-NW_082-AZUL-38"
"abe265d2-e355-4f9f-8ca7-67807aebd5a5","""2026-01-03T17:48:21.000Z""","SKS-GZO_282-CAML-UNC"
"b8c25bf4-a627-461c-b986-2c669d152dc7","""2026-01-03T17:48:21.000Z""","SKS-GZO_276-NEGR-UNC"
"4dd2c490-271e-468c-a7b9-6ca6b8d582da","""2026-01-03T14:57:03.000Z""","SKS-NW_073-ROSA-40"
"37b3d9ea-6acf-490a-9269-d98d467bda38","""2026-01-03T18:34:30.000Z""","SKS-YQ_060-FUCS-37"
"f953b58c-f2ae-4ffa-9fb6-ef1058d014a1","""2026-01-03T18:34:30.000Z""","SKS-YQ_061-AZUL-37"
"3ab13a22-e2d4-40a5-8fff-600492328476","""2026-01-03T18:50:28.000Z""","ESK-CF_ZW14-NEGR-36"
"e82a7b5c-4c00-4f10-ba39-bf692f78d69a","""2026-01-03T18:47:50.000Z""","ESK-PR_ZF14-BLAN-38"
"66fdc6b9-432c-4872-ba06-1aec8ea940b8","""2026-01-03T18:52:21.000Z""","SKS-SCH_225-BGNG-S"
"61603205-a1a0-4b56-bdb9-271cf42ba0b1","""2026-01-03T18:52:08.000Z""","SKS-TIM_096-BEIG-35"
"15a05e5e-b6e6-474d-96cf-51e28dac7fb1","""2026-01-03T18:42:20.000Z""","MAV-2GVA27-RJGR-25"
"c189575c-33fb-475e-83d6-49b8f93310bb","""2026-01-03T18:52:54.000Z""","REE-100033074-AZUL-10.5"
"a3d44eba-986f-45c6-9ce2-daa56c36fb03","""2026-01-03T17:07:19.000Z""","SKS-WI_074-VERD-37"
"94d51087-1f3e-49f6-b805-d07a37482771","""2026-01-03T18:45:38.000Z""","CAL-UGC102VA-BLAN-42"
"dd6695fb-bb9e-488b-8ed8-e2508e296662","""2026-01-03T18:03:16.000Z""","SKS-GZO_268-AZUL-UNC"
"9a9b4f53-d70d-450f-bdba-6eb31dd55baf","""2026-01-03T14:02:19.000Z""","ADD-JP7075-CREM-8"
"a472d146-3b00-4b4d-af9c-9773ab8166d1","""2026-01-03T15:22:09.000Z""","SKS-SUN_328-NUDE-36"
"c0c07469-c02b-4e84-8581-f1462a81468a","""2026-01-03T18:40:02.000Z""","NSM-BRIT_029-BEIG-35"
"e2c7237c-256d-4144-b6fe-77bf7b44f6ce","""2026-01-03T16:44:38.000Z""","NSM-Q5_135-NEGR-37"
"1edac09b-3326-4c4e-a6d1-2e9cee07e212","""2026-01-03T17:34:15.000Z""","NSM-JS_068-NGNT-38"
"ad8d69a2-1c55-4628-8195-0017f9e5964e","""2026-01-03T19:00:11.000Z""","SKS-NW_072-MENT-37"
"3117c8cb-6805-4539-81a9-49f4d78d27a2","""2026-01-03T19:00:11.000Z""","SKS-TIM_098-CELE-37"
"71fde6d1-148a-4cbf-8069-f3d722e088b3","""2026-01-03T18:58:35.000Z""","KLN-KL_1018-BLAN-23"
"abf5d2a9-192b-404f-be1b-70c8a1f03149","""2026-01-03T18:58:35.000Z""","MKN-2714_222-PLAT-22"
"df266784-802b-4110-b4b8-8fff145b70f4","""2026-01-03T19:01:22.000Z""","ESK-B_PB24-NEGR-38"
"c9325871-9247-4f13-a7a7-443fc6c1feac","""2026-01-03T19:04:32.000Z""","NSM-Q5_125-NEGR-37"
"2f6a94e9-daa2-45df-8c40-bf180ffdbc62","""2026-01-03T19:04:32.000Z""","NSM-Q5_125-BEIG-37"
"7f0c99ec-dc87-4068-b951-b48b34897372","""2026-01-03T19:04:31.000Z""","SKS-TIM_098-CELE-38"
"5250db09-991a-4432-9c0a-ac60fca47686","""2026-01-03T18:54:04.000Z""","SKS-SPA_231-MAGN-34"
"affd0e67-1534-45c8-a089-7e5cc5455ce6","""2026-01-03T19:10:51.000Z""","NSM-Q5_117-ACER-38"
"443d152a-b57b-4caf-bab8-3f59d8a56516","""2026-01-03T19:10:51.000Z""","MLK-2861112-BLAN-32"
"39c393cb-4f15-48fb-ab25-8b7462d112ab","""2026-01-03T17:48:09.000Z""","SKS-ITE_722-LILA-36"
"63d82d03-42e7-4f29-b89e-6cd3417d8a16","""2026-01-03T19:11:21.000Z""","JAC-ZP_G08-AZUL-32"
"4cebc44b-5ac3-4755-9a95-32020a2e094d","""2026-01-03T19:02:30.000Z""","SKS-YQ_058-ROJO-36"
"a1fa1fee-97a9-4fed-8dd4-a2d70922152f","""2026-01-03T19:07:21.000Z""","SKS-ITE_722-FUCS-36"
"452bc304-c59e-4d96-819a-a507d30c89a7","""2026-01-03T18:44:23.000Z""","SKS-QIM_001-BEIG-M"
"76a063a3-5acd-4ea8-a706-3217c84605ff","""2026-01-03T19:13:17.000Z""","SKS-SBL_983-AZUL-XL"
"0b9a0530-ce6f-4df2-89f8-83ecf45890aa","""2026-01-03T17:04:31.000Z""","SKS-GZO_295-ACER-UNC"
"7771d507-7762-4ce9-ad8d-9d0650b76f74","""2026-01-03T19:12:45.000Z""","SKS-NW_068-BEIG-36"
"4bdd7043-a3bc-4e42-b21a-5d37b28a2b99","""2026-01-03T19:17:43.000Z""","JAC-GS_741-TAUP-32"
"5f946a14-3311-46b2-924e-d12084f7fdbe","""2026-01-03T19:26:17.000Z""","BRS-2276211-MRNO-41"
"8f1c18ef-06ca-4e7b-ae72-ec17c8bf56c5","""2026-01-03T15:59:13.000Z""","SNO-2FY0271-NEGR-39"
"e056bb89-5fc8-45b2-884f-2a0902ca4293","""2026-01-03T19:31:14.000Z""","BAT-2BM145-NEGR-33"
"722f2630-474d-4e5e-8c4f-536c8e5f8203","""2026-01-03T19:28:46.000Z""","JAC-SP_G101-RSDO-29"
"97ae2327-1d69-420d-bd1f-53aefd0814e0","""2026-01-03T19:20:15.000Z""","NSM-BRIT_013-BLAN-38"
"4c08d168-e5a8-497c-b5bd-1762dcd05216","""2026-01-03T18:06:22.000Z""","SKS-TIM_097-MENT-36"
"cb74de82-3525-490f-9add-aec69f6f6699","""2026-01-03T19:30:54.000Z""","VMR-028_027_01-NEGR-39"
"5ef0e385-c44b-4354-99d3-ebe1173f32b3","""2026-01-03T16:31:50.000Z""","JAC-LAR_009-RSDO-25"
"4c450e8f-97b9-4bf7-a477-2c4dc996a945","""2026-01-03T19:35:09.000Z""","MOL-5496101_CY-PLAT-36"
"a17d2e5b-82c3-4e40-b6f6-3c4a6f74a794","""2026-01-03T15:22:09.000Z""","SKS-SUN_328-CAPI-36"
"2c5213db-be1d-47da-96d4-ff7dbcbf9ea6","""2026-01-03T17:50:02.000Z""","ESK-ZA_W152-BLAN-37"
"3cc7f075-39f1-4f02-a8d8-51bc65003595","""2026-01-03T19:35:27.000Z""","SPD-2SN12411-AZUL-33"
"e564fba0-3ed3-4323-b960-6a29da6208af","""2026-01-03T18:45:57.000Z""","KLN-KL_982-CELE-20"
"8e2b4bf6-5ab4-41ba-a4e4-668244d16263","""2026-01-03T16:55:17.000Z""","SKS-SJE_284-CELE-28"
"47a0ad96-7c7c-4f1f-912f-69afea342362","""2026-01-03T18:34:30.000Z""","MOL-5496101_CY-PLAT-35"
"961c4473-c702-4778-8953-788766aa733e","""2026-01-03T18:47:28.000Z""","VIZ-1307202_CY-NGBL-34"
"4c3b145f-bd90-484a-8ae6-eceb446db472","""2026-01-03T19:37:52.000Z""","MOL-5496101_CY-PLAT-35"
"053896a8-afe4-4495-bb61-559e4d66a340","""2026-01-03T18:45:58.000Z""","JAC-LAR_014-RSDO-27"
"f0df840b-54e2-4e45-851c-30eddcef9fbb","""2026-01-03T17:46:34.000Z""","MOL-52059-MNCM-38"
"80e632b0-bb68-4568-a4a4-b2bd361a476a","""2026-01-03T17:27:11.000Z""","GAR-2GY0351-NEGR-37"
"1d80614d-1093-4ff9-8add-f4b274ccb187","""2026-01-03T16:31:50.000Z""","KLN-KL_934-HSRS-25"
"42a8720d-f426-43f4-af82-408ae0a9ea31","""2026-01-03T16:55:17.000Z""","GRD-2GDC34-AZUL-35"
"d4f8ed5b-1897-4a7c-82c4-d61c45045c2f","""2026-01-03T16:55:17.000Z""","SKS-SJE_284-AZUL-34"
"66c83d3b-50a2-4501-9026-0998115797c5","""2026-01-03T16:55:17.000Z""","MIN-MIN_2460_A-RSDO-4"
"d057b1d5-1035-4d0d-8c4e-e4517fa5df88","""2026-01-03T16:55:17.000Z""","JAC-JEN_027-LILA-UNC"
"87371431-5eaf-4cee-b6c7-38bc8a8b40a1","""2026-01-03T18:19:47.000Z""","ADD-JP5637-BLAN-9"
"ad52c075-3eaa-4728-8a09-311b4e8e6806","""2026-01-03T19:18:51.000Z""","NSM-YAQ_622-NATU-37"
"29e98215-0018-4d47-9584-63e00fd143a2","""2026-01-03T20:21:21.000Z""","SKS-TIM_101-CRAZ-39"
"a16f6eab-f830-4620-b207-6c041e32ac30","""2026-01-03T14:42:58.000Z""","SKS-BCE_195-NEGR-39"
"63ee1712-46d8-4d3f-b0a0-6f3781bd51e3","""2026-01-03T18:58:35.000Z""","PEP-2PE0911-LILA-24"
"d012a1b6-edfa-4a13-a2e7-6b4460017c31","""2026-01-03T18:58:35.000Z""","MIN-2MN1062-FUCS-24"
"6e1c5d24-ac0b-4d6f-a44e-58ea7eb687d0","""2026-01-03T18:52:08.000Z""","SKS-TIM_096-NEGR-35"
"57855886-0c7b-4ece-9d52-9fc71bcbecf9","""2026-01-03T19:10:51.000Z""","MOL-5512202_CY-NEGR-33"
"411cb5fe-ca5d-4160-9663-8ac768c59444","""2026-01-03T19:04:39.000Z""","NIK-DA1352_404-AZUL-8.5"
"46c421c9-6bb3-4e47-9611-7517972bb3b4","""2026-01-03T19:40:20.000Z""","PUM-394253_08-BLAN-13"
"f35fdc2c-379f-4c07-9fce-ac9596542f6c","""2026-01-03T18:40:35.000Z""","JAC-CSV_232-AZUL-20"
"e13e5d58-0867-451c-8921-c6138b1e87a0","""2026-01-03T17:34:50.000Z""","SKE-303572LCCP-PURP-3"
"4c2a0c86-7a0b-4324-8a8d-4d3842f53876","""2026-01-03T17:34:50.000Z""","AMP-38961-NEGR-UNC"
"985eaaef-1ced-45c0-a8fb-8ad0cc0b5bae","""2026-01-03T17:34:50.000Z""","SNO-2FY0331-BLAN-37"
"2118152b-1c6a-46d5-a34a-ba424c4e3995","""2026-01-03T17:34:50.000Z""","ESK-B_FE20-NEGR-36"
"4ca4176b-3ad2-401e-8dfb-328e810bb3b0","""2026-01-03T18:04:44.000Z""","ESK-B_FE20-NATU-36"
"102d55f4-c0a2-4be6-84f3-aa070d2b77ff","""2026-01-03T17:36:24.000Z""","SKS-SVE_392-PLOM-M"
"6714b85d-95cf-458c-892c-1789819a063b","""2026-01-03T17:53:26.000Z""","SKS-SBL_945-NEGR-S"
"f60f77a1-4f97-4d78-a2d7-2e67ac0472fa","""2026-01-03T17:02:16.000Z""","SKS-TIM_104-HUES-38"
"521fa6b7-2f72-4ce3-b567-8a4b3ba36324","""2026-01-03T19:00:14.000Z""","MAV-2MY0351-NEGR-39"
"04dad700-5e40-4fde-97f6-ea7363275189","""2026-01-03T17:53:01.000Z""","SKS-YQ_058-AZUL-36"
"01490918-3e3e-4b68-a9c8-e92aebcb3360","""2026-01-03T18:50:27.000Z""","SKS-ARL_012-NEGR-38"
"e10d0b0e-4026-45d6-a695-74317393191a","""2026-01-03T17:52:11.000Z""","SKS-YQ_058-AMAR-36"
"dbd203bd-f7d6-4b44-b194-07c97dbbb9ee","""2026-01-03T18:20:18.000Z""","URB-QTE_129-PLOM-42"
"f56e5fa4-ceb0-44c2-af44-22df31853f23","""2026-01-03T17:40:16.000Z""","SKS-SBL_923-AZUL-S"
"2d28bdab-dfe3-4f10-9f19-327494e99105","""2026-01-03T17:35:42.000Z""","BEI-4283105-MUNE-35"
"2adba9b8-a1ab-419f-89f3-c564a3e6fcd4","""2026-01-03T19:47:29.000Z""","RID-2RD574-NEGR-41"
"82161c2d-0da5-4a21-9cb8-50228c3ce949","""2026-01-03T18:34:30.000Z""","SKS-YQ_061-ROJO-37"
"30e2ed0e-c152-4e70-81d4-e105c58b627e","""2026-01-03T19:43:30.000Z""","NSM-Q5_132-VINO-38"
"e19d9715-14d2-4067-8da4-4d56ef14d98a","""2026-01-03T19:43:41.000Z""","SKS-WI_067-NEGR-37"
"96338c7b-64d7-4b6f-8e98-d631c6ded87f","""2026-01-03T18:51:18.000Z""","SKS-STP_099-NEGR-39"
"61332bd3-3524-41a6-bb46-d726b9c50547","""2026-01-03T16:04:36.000Z""","RID-2RDL53-AZBL-39"
"48a022b8-02a8-4ec4-9d39-80cb76ed2d95","""2026-01-03T16:48:32.000Z""","ADD-JI0381-NGBL-4"
"d81b4b42-7ce8-452d-b04d-b2d6130c7be3","""2026-01-03T19:42:25.000Z""","ESK-B_PM015-RJOS-36"
"cf7fa295-09a5-4ee4-b616-a1b4d8b9a019","""2026-01-03T19:47:29.000Z""","RID-2RDF32-GRRJ-41"
"1c491836-7a49-444b-b895-cf493ad4dd95","""2026-01-03T19:43:52.000Z""","PUM-393473_17-AZUL-5.5"
"b8f40b58-07b3-4f93-9513-3119386b0d3b","""2026-01-03T19:43:30.000Z""","NSM-Q5_131-VERD-38"
"d112f0b8-0dbb-4866-8089-7758a73188c9","""2026-01-03T19:49:25.000Z""","URB-QTE_129-BLAN-42"
"6554f6f0-13ac-4ed2-96d5-3e66cc4aa24e","""2026-01-03T19:49:45.000Z""","SKS-ITE_711-NUDE-38"
"e19ce726-ca9d-4644-ac4b-7d5708140d6c","""2026-01-03T19:51:05.000Z""","NSM-Q5_138-NEGR-39"
"76f416fb-c2fc-4227-aa69-245b66e1c777","""2026-01-03T19:50:23.000Z""","JAC-JEN_023-CLHS-UNC"
"ef416b96-2b6e-48bd-b4f5-1048055a8d87","""2026-01-03T19:58:59.000Z""","SKS-YQ_061-LILA-39"
"5305ccc7-f298-420e-a6dc-1d84eed8a4b5","""2026-01-03T19:56:23.000Z""","ACT-4829423-GRAZ-36"
"9ae68fd5-93f4-4b3b-82c7-6f9901a0fa1f","""2026-01-03T16:10:48.000Z""","MLK-2801171-NEGR-27"
"7dce2af2-4c6b-4afa-a23d-5130c2fdc26e","""2026-01-03T19:58:41.000Z""","MOL-52059-MUNE-36"
"1cc2d040-f19f-4553-bb5c-f18e497d0659","""2026-01-03T20:00:08.000Z""","SKS-ADO_267-BLNG-37"
"bfc0dd7c-fb14-4eff-8d87-2d56dc12d666","""2026-01-03T19:57:33.000Z""","SKS-YQ_071-NEGR-37"
"ad4f7831-f1d5-407d-bfaf-7e6f272a5f21","""2026-01-03T19:58:33.000Z""","SKS-YQ_071-MARR-37"
"6da2785a-d07d-4b10-9bf7-9d79644d593c","""2026-01-03T20:03:05.000Z""","URB-OFER_H07-NEGR-40"
"10b4a412-838b-4289-ab6e-38da03ecdb42","""2026-01-03T19:53:57.000Z""","ROU-TOFEH_030-NEGR-38"
"04535528-1f0c-4be8-94bf-d6544802523b","""2026-01-03T20:06:57.000Z""","URB-QTE_127-NEGR-38"
"9d9cca80-48a4-43cd-abfd-2b91575328a4","""2026-01-03T20:02:01.000Z""","ESK-S_F22-ACER-35"
"18aa6fa9-44ba-4aea-a653-02e67da99d25","""2026-01-03T20:05:47.000Z""","ADD-JH6098-ROJO-6.5"
"b658be0e-2b6f-45ff-9c18-d6453847322e","""2026-01-03T20:08:33.000Z""","URB-OFER_H07-AZUL-40"
"d926b76a-dbe9-4723-bd44-5ada61cc4a79","""2026-01-03T20:11:44.000Z""","DRB-2DB0341-NARJ-32"
"7fa67da6-b7a3-413a-ae43-81c2985a4386","""2026-01-03T17:58:22.000Z""","SKS-STO_563-ROJO-M"
"49b36b1e-f103-4791-b5ae-b3bfbea16276","""2026-01-03T20:21:38.000Z""","SKS-GZO_267-MENT-UNC"
"e4903699-ab8b-4f8d-aece-9244efec2e26","""2026-01-03T20:14:47.000Z""","ADD-IG6840-BLAN-9"
"f0776997-b2ca-44b0-a572-cc21d25948df","""2026-01-03T18:52:54.000Z""","VIZ-6282413_CY-MUMA-38"
"6a62a622-4c9b-4097-bf76-4978db24ea52","""2026-01-03T20:25:43.000Z""","KLN-KL_972-HUES-19"
"2011441e-ac21-4f73-872e-338b3b76295d","""2026-01-03T20:27:23.000Z""","NSM-WOL_137-HUES-37"
"6e04c249-1c36-4aa3-8bf4-b99053afd5f6","""2026-01-03T20:28:36.000Z""","SKS-ITE_711-NUDE-37"
"a88dbf59-cc31-4a5d-883e-05b11a03d5d2","""2026-01-03T20:26:14.000Z""","LOT-VELOCITY-ROJO-11"
"d4908f6e-1d37-43cc-976b-a1f7816fb3e6","""2026-01-03T17:59:19.000Z""","URB-QTE_129-AZUL-41"
"fde0191b-ef39-4897-8201-f0a1bd31b4c5","""2026-01-03T20:34:58.000Z""","SKS-TIM_103-NEGR-36"
"562b5724-8005-410f-b095-be3c7d8a91bc","""2026-01-03T20:34:58.000Z""","SKS-TIM_103-NEGR-38"
"505a3344-b093-4a9e-9c08-8dfc332229e9","""2026-01-03T20:34:00.000Z""","ESK-PR_MF15-ACER-37"
"70781b51-ac7f-40e1-a662-e557a1a5484c","""2026-01-03T19:37:06.000Z""","SKS-WI_079-BRND-37"
"7d7d79a3-797a-4724-99e2-d3b00db78f9f","""2026-01-03T19:42:40.000Z""","FIL-1CM02160-NEGR-12"
"9cd507ee-fe10-4cd1-bd42-8d5021755cc3","""2026-01-03T20:06:37.000Z""","NSM-BRIT_014-NEGR-38"
"defc49f6-c29c-41d4-9f23-c79e75164cbc","""2026-01-03T20:20:29.000Z""","KLN-KL_991-ROSA-24"
"b107c4b3-3ba7-40d3-918c-965eb8f8080a","""2026-01-03T17:58:31.000Z""","URB-QTE_129-NEGR-40"
"c70b28cc-e111-4436-be6d-02db755856ac","""2026-01-03T18:00:11.000Z""","URB-QTE_129-PLOM-41"
"8d81406f-426a-4d7d-bdab-cadc152b453b","""2026-01-03T20:02:33.000Z""","URB-OFER_H07-NEGR-40"
"1753667e-c5b2-4de3-b52f-c7c73b749b1e","""2026-01-03T20:11:56.000Z""","PUM-108378_03-AMAR-7.5"
"c7bca190-6ab4-405d-9afa-d5fe7bc1e4f1","""2026-01-03T16:32:33.000Z""","NSM-Q5_117-ACER-36"
"f427f3f1-1c4d-424e-9e56-48a8000bf40f","""2026-01-03T20:37:19.000Z""","AMD-ZDC_309-COBR-39"
"eb3eb7ff-a5ee-4951-85ce-9d35d72f00e1","""2026-01-03T14:29:18.000Z""","AVN-2AV483-NEGR-31"
"1b522585-2992-4a92-b883-4d6b2fc11074","""2026-01-03T19:58:14.000Z""","SKS-YQ_071-AZUL-37"
"0a1ccc4d-d048-47ab-b5ce-12275cc39301","""2026-01-03T19:44:34.000Z""","MOL-5496101_CY-PLAT-36"
"44cf7fff-8a46-4615-ba9c-f15f7628f79b","""2026-01-03T19:58:53.000Z""","SKS-YQ_071-NEGR-38"
"72a28b04-b448-4910-8a28-011bf0727847","""2026-01-03T20:13:30.000Z""","URB-QTE_127-NEGR-39"
"ce2fd265-4419-47d0-93b1-5685e7a4d41b","""2026-01-03T20:00:45.000Z""","ESK-S_F22-VINO-35"
"daf13fb5-ede5-4f71-a724-e8045ac0bf2a","""2026-01-03T18:53:08.000Z""","JAC-SP_IG11-ORRS-24"
"ed6a0a6c-5474-4703-af5d-dc03d2d119aa","""2026-01-03T19:52:33.000Z""","SKE-117624_BLK-NEGR-6.5"
"8ea99f75-3e3c-4ba5-834a-8cb4292713a2","""2026-01-03T19:51:05.000Z""","NSM-Q5_138-BLAN-39"
"6b66fcf4-0c83-4a65-8281-66906e568408","""2026-01-03T19:51:05.000Z""","NSM-Q5_138-BLAN-37"
"fa4412d6-73c0-413e-8ff6-4371489f93e3","""2026-01-03T18:38:22.000Z""","JAC-FIL_008-COBR-29"
"952cfe60-8da7-4ffc-8d6d-d3c48bb56e44","""2026-01-03T21:22:08.000Z""","URB-QTE_126-GRIS-44"
"d4ba76f0-85a9-4580-baad-1c141cea5a3a","""2026-01-03T21:40:59.000Z""","ADD-ID7870-NUDE-13"
"f81625a0-ffac-44b1-a291-763f054697f6","""2026-01-03T20:45:18.000Z""","NSM-BRIT_034-BLAN-36"
"cf1c637d-e1f9-4c1c-b3f6-b154e24c942d","""2026-01-03T21:02:09.000Z""","SKS-STO_P08-NEGR-L"
"69eed657-8c67-41e1-9773-f9338c5860a8","""2026-01-03T21:42:41.000Z""","GRD-2GDF48-CAML-36"
"25953f75-27a3-44b5-96c7-60140b2d3d73","""2026-01-03T21:45:13.000Z""","SKS-QIM_002-ROSA-M"
"a0a45633-dc4e-4f71-bc13-49622a713027","""2026-01-03T21:25:24.000Z""","ADD-IE8509-BLAN-6"
"2fd32ad4-5a01-4233-973f-a7fc790b3d47","""2026-01-03T21:45:13.000Z""","SKS-STP_101-MENT-37"
"0a43714f-2957-4696-a320-3a4fd67e9691","""2026-01-03T21:45:43.000Z""","MOL-5297559_CY-ROSA-37"
"838264d5-4c54-499a-b713-afd4b9c90cb0","""2026-01-03T21:33:37.000Z""","SKS-ITE_724-CAML-38"
"2be33a8d-f9c9-4c9c-bb50-9bca72cc38e6","""2026-01-03T21:42:58.000Z""","JAC-FRS_218-ACER-21"
"f28b1408-dd48-4255-9493-38b29147ae2b","""2026-01-03T21:45:06.000Z""","JAC-FIL_001-CAML-20"
"627548ad-79a4-489b-971e-66f8864e57a2","""2026-01-03T21:38:31.000Z""","JAC-SP_G103-NUDE-31"
"86360414-4ae8-4d7f-9d14-dd5e1afc3fea","""2026-01-03T21:38:31.000Z""","JAC-ZP_G10-LILA-31"
"a46bd5fe-2c64-4561-a4d1-a4647a518247","""2026-01-03T21:41:24.000Z""","SKS-WI_084-BEIG-37"
"ffb73a9f-6101-42f0-af47-98f0ae877435","""2026-01-03T21:50:40.000Z""","SKS-STP_101-BEIG-36"
"1178b605-44ac-4474-87c1-9557d9515030","""2026-01-03T21:49:23.000Z""","SKS-TIM_098-CELE-36"
"cd875307-5bd1-4a81-99a9-a6933e1a3c1f","""2026-01-03T21:51:31.000Z""","SKS-ITE_724-CAML-37"
"f393be45-393e-411a-b087-d45a6289ef74","""2026-01-03T21:52:31.000Z""","ADD-ID3709-BLAN-9"
"f2af27dc-32ca-4439-b431-ac15a0e39a61","""2026-01-03T21:55:55.000Z""","VIZ-1432100-BLOF-34"
"93f2d6b4-01cd-42a8-84e3-ff87bab67364","""2026-01-03T21:52:01.000Z""","NSM-WOL_137-HUES-38"
"1d4940b1-67b0-4096-ba21-1657a2c33a52","""2026-01-03T21:47:10.000Z""","SON-2SO001-ROJO-34"
"a6428fc6-e41d-4922-8101-2482f9157ba8","""2026-01-03T21:58:22.000Z""","NIK-HM9431_001-MRGR-8.5"
"d68dabba-750f-423f-a778-af17e4caded6","""2026-01-03T21:58:38.000Z""","LOT-23DRUTF_2-BLAN-5.5"
"48825815-acb7-4315-8c66-2414a23b5fcb","""2026-01-03T21:29:42.000Z""","VIZ-6282413_CY-MUMA-37"
"386b82cc-56cc-4568-b7b2-56b024c0085b","""2026-01-03T22:00:17.000Z""","AMD-ZB_A225-BLAN-40"
"0cc55def-d2c3-4a64-b8c6-100a4d8d18e7","""2026-01-03T22:02:09.000Z""","SKS-WI_072-NEGR-36"
"fe551b4f-9048-4f2a-823f-18ef5f0dc4d2","""2026-01-03T22:01:26.000Z""","ROU-TOFEM_025-LILA-38"
"e5880782-4adb-43f1-ae6b-9056d33be226","""2026-01-03T22:03:04.000Z""","ADD-JS2886-NEGR-6.5"
"b13a14b0-dac1-4763-b8b8-2c311edebe56","""2026-01-03T17:45:48.000Z""","ADD-JI3457-BLAN-5.5"
"cecf00f7-3f76-460b-aa0e-bb9b9ad5ed2b","""2026-01-03T17:45:48.000Z""","PUM-311224_18-CREM-5.5"
"671cc678-45a1-4419-acd5-1a585abe97a8","""2026-01-03T17:45:48.000Z""","ADD-JR3008-PARS-5"
"5e958841-699f-42ba-a54f-586067715a76","""2026-01-03T19:32:35.000Z""","SKS-TIM_100-ROSA-37"
"3ebf6350-d5f3-4c52-bf88-0f0197044af1","""2026-01-03T19:32:35.000Z""","SKS-YQ_064-ACER-37"
"e225d210-5c9d-442d-bb93-a7929d5ae9e2","""2026-01-03T22:08:31.000Z""","SKS-STO_588-NUDE-M"
"52446b82-5a48-45cc-95b2-a9d5a11a92f4","""2026-01-03T19:32:35.000Z""","SKS-GZO_265-MENT-UNC"
"7799fb14-6b93-4616-b0e3-43678816bf7b","""2026-01-03T21:32:23.000Z""","ADD-ID7871-VIOL-1"
"5376edbe-0ce1-436c-ab95-5678cdccee60","""2026-01-03T22:11:12.000Z""","SKS-SVE_414-BGBL-L"
"b99d1b37-be86-48e8-98da-e752dc30fdc3","""2026-01-03T21:17:57.000Z""","SKS-CAM_145-HUES-38"
"77491173-0c8f-4431-b4bc-caf438c78fe6","""2026-01-03T22:13:26.000Z""","NSM-YAQ_618-NARJ-38"
"6e092139-8665-4f30-82d3-16c9b722cfc7","""2026-01-03T22:17:56.000Z""","SKS-TIM_100-ROSA-37"
"e80dfa3c-ff2a-46d2-b17e-efffdfd700a3","""2026-01-03T22:16:30.000Z""","ESK-PR_ZT10-NTMR-36"
"772e3c8a-b664-4cdf-8dea-1bfc0c657c8a","""2026-01-03T22:27:50.000Z""","SKS-TIM_103-NEGR-37"
"a4cc6328-5ad9-4e1c-84b6-968ca488feb9","""2026-01-03T21:00:54.000Z""","PUM-107488_05-NEGR-2.5"
"6406ced0-5e09-438b-a345-fee605a14dab","""2026-01-03T22:31:17.000Z""","PUM-393833_02-BLAN-7"
"35418fe7-b494-4f33-bef4-e9289818ec01","""2026-01-03T22:32:15.000Z""","ESK-PR_S13-NATU-36"
"b5cca5d2-70a0-4089-b383-07ce7495d12e","""2026-01-03T21:27:56.000Z""","NSM-JS_059-BEIG-39"
"6fa476f8-a4ef-4e5a-aeeb-e3b01ac768ad","""2026-01-03T22:28:00.000Z""","NSM-Q5_130-NEGR-40"
"d76ebefc-0d95-4e29-ab74-87a8faf83c3d","""2026-01-03T19:34:49.000Z""","SKS-GZO_279-TAUP-UNC"
"6cb249f5-d159-4926-8d5a-dc718a294a7e","""2026-01-03T19:36:46.000Z""","SKS-GZO_265-MENT-UNC"
"3ff79d45-d483-4c7b-9bb9-9c7dedcc7a35","""2026-01-03T20:12:35.000Z""","SKS-ITE_709-HUES-38"
"6ebb4ebd-79e4-4f2a-bc66-456a55e69023","""2026-01-03T20:26:17.000Z""","SKS-STP_098-NEGR-38"
"b8551178-2761-4381-bea2-102e25c1fce1","""2026-01-03T20:43:09.000Z""","MOL-52059-MUNE-36"
"83aef0b0-a30f-4efa-838f-0380bc05979f","""2026-01-03T20:54:22.000Z""","SKE-118250_NVY-NAVY-8"
"17b8b2fc-d982-478b-92b9-83063edaf9e3","""2026-01-03T21:32:23.000Z""","ADD-ID7870-NUDE-1"
"deea65bb-ff4f-4de1-8846-06b21a0a3238","""2026-01-03T20:50:20.000Z""","SKS-WI_067-NEGR-37"
"d4a9f480-ffe5-407e-a2de-287f2933efef","""2026-01-03T20:50:53.000Z""","MNS-2MH106-NEGR-36"
"3edd7416-d747-45f1-bc5f-ba0d16b21063","""2026-01-03T22:28:00.000Z""","BRB-2AR1225-FUCS-24"
"a12340ab-31ab-4839-9c15-f9b96c87e551","""2026-01-03T22:28:00.000Z""","ROU-TOFEM_027-BLLL-39"
"96df5dcd-cebd-4ec8-917f-a4d1aef92b4a","""2026-01-03T22:28:00.000Z""","PEP-2PE0911-LILA-24"
"f3e075d6-7a76-480d-bf31-6195bb59d813","""2026-01-03T21:44:03.000Z""","JAC-CSV_239-ACER-20"
"0b751ab2-4618-455e-984b-a3d20e21417d","""2026-01-03T17:53:17.000Z""","SKS-WI_072-NEGR-36"
"eb8ebb0a-be32-448c-90c8-3b94cfdc29bc","""2026-01-03T21:29:42.000Z""","VIZ-6282413_CY-BLMA-38"
"ae33cfa4-5c37-4c02-bff7-42907e163a31","""2026-01-03T21:52:31.000Z""","ADD-JI4904-BLAN-6.5"
"a8dd5da4-986b-4451-9b8b-eaf76b2cba9e","""2026-01-03T21:20:12.000Z""","NSM-Q5_133-NEGR-35"
"4a963d46-f855-4d7a-b2df-cab1ac1ec032","""2026-01-03T21:47:10.000Z""","SPD-2SN1134-RJNG-34"
"e8b3b74b-44a3-441c-8b2b-ddeef5727368","""2026-01-03T21:43:16.000Z""","ROU-TOFEH_008-NGRJ-40"
"c80556c7-9bee-4fc9-bc03-bf7fd69d1fdd","""2026-01-03T21:42:40.000Z""","SKS-YQ_058-NEGR-38"
"d4b3fa43-151e-4be4-9940-c43024f04db7","""2026-01-03T21:42:40.000Z""","GRD-2GDG37-ROSA-36"
"226ac102-3e08-493d-9bb0-d28f6d0a1204","""2026-01-03T21:42:40.000Z""","JAC-SP_G102-PARS-31"
"d6c7bf3d-d05d-4e17-b0c2-e117440f3407","""2026-01-03T21:42:40.000Z""","JAC-LC_233-RSBL-31"
"2a75e19d-764c-4081-abcd-df4df7be547e","""2026-01-03T21:42:40.000Z""","NSM-YAQ_615-ACER-35"
"7170fbd5-2a5e-41b6-8712-c31f4cbf8adb","""2026-01-03T21:42:41.000Z""","GRD-2GDG37-CAML-36"
"ccf48181-8d5f-4903-a47a-b87db3ae378a","""2026-01-03T17:00:22.000Z""","NSM-Q5_127-BLPT-36"
"007bd04a-59be-4416-b600-bdd7b75ab3be","""2026-01-03T21:37:16.000Z""","NSM-BRIT_016-BLAN-36"
"f08e8a59-ea3a-4549-81b5-4d5dac58b930","""2026-01-03T22:28:00.000Z""","KLN-KL_962-AZUL-23"
"61ada185-cd85-4932-bdb0-356f404a4020","""2026-01-03T17:45:48.000Z""","ADD-IH8226-BLAN-6"
"c804669e-85fb-4ca8-a6b6-279766de5495","""2026-01-03T17:45:48.000Z""","ADD-IH8224-LAVN-5.5"
"00f1f224-e6a0-4103-a8e3-8ac671f4e5ce","""2026-01-03T22:21:21.000Z""","NSM-OFER_019-NEGR-35"
"2bddb636-58e2-4e90-b1e1-ad94f2ee8d0d","""2026-01-03T21:10:35.000Z""","NSM-YAQ_615-ACER-36"
"0a8433d2-deb2-429a-b7c6-21bf31f74ce9","""2026-01-03T22:32:15.000Z""","NSM-Q5_136-LILA-37"
"cf0a99b4-a08a-40c4-8908-2c103b2aa060","""2026-01-03T22:32:15.000Z""","ESK-PR_MF17-AZUL-37"
"1a863ab3-ec60-45bb-95d8-2ffeb865b09b","""2026-01-03T19:33:34.000Z""","SKS-NW_069-CAML-37"
"5092aa65-fa06-49e9-9d3c-b8fe39d9605c","""2026-01-03T21:52:01.000Z""","SKS-WI_075-NATU-38"
"0dda5478-55e4-4e50-99aa-93319275eca4","""2026-01-03T19:52:41.000Z""","NIK-DR2677_400-TURQ-9.5"
"6974631b-266e-4ecb-aaa3-b6023ba03c93","""2026-01-03T21:34:30.000Z""","ESK-MON_096-NATU-UNC"
"b523da9e-91de-44a5-998f-0950b5b6cd35","""2026-01-03T21:34:30.000Z""","ESK-ZA_W154-VINO-35"
"2a9f3516-f8a1-4da4-8ef7-569c212e4327","""2026-01-03T21:24:24.000Z""","RID-2RDJ72-HSNG-43"
"a472e093-1b02-4383-b2a9-bbf5ace5a441","""2026-01-03T19:32:35.000Z""","SKS-YQ_066-NATU-36"
"d961cfba-ffcb-4200-a96b-fe25d918cd62","""2026-01-03T19:32:35.000Z""","SKS-TIM_096-BEIG-36"
"7b64cedb-e655-4602-9f40-b5dd73fae7e1","""2026-01-03T19:32:35.000Z""","SKS-TIM_096-NEGR-38"
"0741c329-04bb-475e-8be4-11d6051fa6a4","""2026-01-03T19:32:35.000Z""","SKS-TIM_097-MENT-37"
"256457ab-b3fc-4db9-91ec-ad930fe95d1d","""2026-01-03T22:30:23.000Z""","SKS-SJE_290-NEGR-32"
"f8179dfe-30d2-4782-a1ca-0ae24889f00c","""2026-01-03T20:28:36.000Z""","PUM-380150_03-NEGR-9"
"4c24bfec-754b-42d0-a04f-a4f8cdc7a3cc","""2026-01-03T22:51:56.000Z""","SKS-YQ_072-NUDE-36"
"38be42e0-da21-4d9f-a692-ca2a5d082585","""2026-01-03T22:49:42.000Z""","SKS-TIM_097-NUDE-36"
"0fbdc93b-501b-4294-ac65-fd86d9ba152e","""2026-01-03T21:50:16.000Z""","ESK-Z_SP407-AZUL-37"
"8ef2e934-434f-4c40-b414-84e1e743b5e7","""2026-01-03T21:52:52.000Z""","MOD-7014229-NEGR-36"
"08495436-2a8b-4de6-979c-b436c2c43fc6","""2026-01-03T15:34:32.000Z""","SKS-WI_067-NEGR-38"
"cbded451-6612-4843-a737-d0c181b3f483","""2026-01-03T21:47:25.000Z""","JAC-LAR_010-MRCM-30"
"8a271037-f367-486e-8dca-dde579e1f20a","""2026-01-03T23:03:51.000Z""","SKS-TIM_100-ROSA-35"
"185ac164-0c9c-4fc3-be3b-61f50aab3210","""2026-01-03T21:51:46.000Z""","MOL-5297559_CY-JNOS-35"
"2f777c16-1a24-4f33-906a-86e83202df9b","""2026-01-03T23:06:56.000Z""","KLN-KL_944-NEGR-29"
"18dc7497-b656-427e-957c-d173da05a734","""2026-01-03T23:06:14.000Z""","NSM-RNA_031-CELE-35"
"f0be17f5-d256-424f-8995-35f6a67ffcc4","""2026-01-03T23:06:55.000Z""","SKS-NW_069-CAML-36"
"d89096f5-8594-462b-9a11-367684d17f6f","""2026-01-03T23:09:03.000Z""","NSM-BRIT_013-BLAN-38"
"45de0d4f-0991-4309-8c06-3361a1e6be5c","""2026-01-03T23:09:01.000Z""","SKS-ADO_238-BEIG-39"
"bf1ea6dc-ca3d-422f-a966-ec47aea7719b","""2026-01-03T23:08:26.000Z""","URB-LINK_006-AZUL-41"
"e6ff44cd-9129-4277-89c1-177576fc35dd","""2026-01-03T23:12:56.000Z""","SKS-TIM_097-MENT-37"
"bdf30869-7a95-4785-85cb-9a4e13ae60c5","""2026-01-03T23:11:23.000Z""","ESK-ZA_B169-BLOS-39"
"802c6a8c-97e3-45a0-ad1c-6c44afef1bab","""2026-01-03T18:39:16.000Z""","ESK-ZA_B168-ROJO-37"
"74a89209-e742-4227-8169-b5f5bf363113","""2026-01-03T20:17:09.000Z""","SKS-TIM_101-CRAZ-39"
"caf88dcf-63d0-490a-9b21-c5927a9a142c","""2026-01-03T20:49:28.000Z""","PUM-311731_11-VRAG-4.5"
"f9d6ada8-1953-4e5c-9046-9cd66d7c3b7d","""2026-01-03T19:17:43.000Z""","URB-OFER_H01A-GRIS-41"
"5c28934e-ab2d-4cfb-9dee-c9ef3c14ec91","""2026-01-03T20:33:08.000Z""","KLN-KL_962-AZUL-23"
"22622da3-a711-4dde-a5e4-e74cb05b60dd","""2026-01-03T20:50:53.000Z""","ROU-TOFEH_019-ACER-42"
"7cd1d2b3-785b-445a-ab0d-655174af2529","""2026-01-03T20:51:43.000Z""","VIZ-1422101-NEGR-36"
"47763265-a323-4624-8c2a-5b41595715e5","""2026-01-03T20:52:30.000Z""","UND-3028409_107-BLGR-8"
"0497602a-0170-4cc3-838c-eb18e682cbd4","""2026-01-03T19:19:41.000Z""","SKS-TIM_096-BEIG-38"
"86fb8c17-da12-4081-a366-a517bb542a0d","""2026-01-03T20:55:44.000Z""","MKN-2157_1050-BLAN-33"
"92a9eb7a-f507-4739-8518-6844c17943aa","""2026-01-03T20:53:33.000Z""","JAC-FRS_218-ACER-20"
"6dfcb7f0-ab03-416a-b364-e25135d41a4b","""2026-01-03T21:02:09.000Z""","SKS-STO_P08-NEGR-S"
"6be89697-259f-4239-8a2c-fcad14dabb29","""2026-01-03T21:01:49.000Z""","NSM-Q5_134-ACER-38"
"3ae208e2-be13-4286-afbb-d104de29127d","""2026-01-03T20:45:17.000Z""","ROU-TOFEH_012-AZUL-40"
"24b402a6-b6ba-4458-b452-1cbb3a684ebf","""2026-01-03T21:06:38.000Z""","SKS-SVE_428-NGBL-M"
"14b8fe39-e2b5-4cc6-af5a-d6e8b23898fc","""2026-01-03T21:07:21.000Z""","VIZ-6292275_CY-BLAN-38"
"a88dd4e2-ba26-4393-86fb-1dde4e9a7528","""2026-01-03T21:09:53.000Z""","REE-100222244-NEGR-5"
"7be2479c-45ae-4302-af22-b46040abb490","""2026-01-03T21:08:06.000Z""","NSM-Q5_134-ACER-39"
"970bac33-540e-4161-a402-2b377c01b8fb","""2026-01-03T20:28:36.000Z""","SKS-GZO_233A-AZUL-UNC"
"412dd36f-0404-418d-b890-e20af1b9bce8","""2026-01-03T21:07:21.000Z""","SKS-YQ_072-NUDE-35"
"ce15586c-f7bd-4e49-82df-3a29d7cb54da","""2026-01-03T21:11:43.000Z""","SKS-WI_073-NEGR-37"
"1c9e780f-4de9-43c0-9150-89a4bd5f747b","""2026-01-03T21:11:43.000Z""","SKS-WI_073-AZUL-37"
"6e93959c-7e48-47f8-b79f-b835fdf7257e","""2026-01-03T19:48:42.000Z""","SKS-WI_083-NEGR-37"
"3cb7b3c4-eaab-4a48-80f6-8e9485d5b20c","""2026-01-03T15:36:25.000Z""","ROU-TOFEH_010-NEGR-42"
"43076c93-2a4f-4f20-a6fe-5aa3c55c16ad","""2026-01-03T21:00:55.000Z""","RID-2RDU88-NEGR-35"
"fe1d130c-0c96-4dc4-83fc-2e6a0a5fda43","""2026-01-03T21:00:55.000Z""","RID-2RDC30-GRAZ-41"
"3bfbddc4-088f-4ab0-8b4c-9a3a4b5c6e01","""2026-01-03T21:18:03.000Z""","ROU-TOFEM_026-MALV-39"
"2003d4ed-0f12-4875-9d3e-05482dff8dca","""2026-01-03T20:36:44.000Z""","SKS-SJE_283-AZUL-30"
"3fc5383c-dc9e-4c3e-848a-ebce1b361fcd","""2026-01-03T20:36:44.000Z""","SKS-SBL_923-AZUL-S"
"a86bb507-9620-489c-a2f4-999524e7a26d","""2026-01-03T21:03:24.000Z""","AMP-G042-NEGR-UNC"
"3a82bf17-3426-4c01-919a-fba8b6b35bef","""2026-01-03T20:42:23.000Z""","SKS-ITE_718A-MALV-38"
"bc9a0ccf-c764-4549-b765-e4e0e526d4c7","""2026-01-03T21:21:06.000Z""","PUM-389390_03-BLAN-7"
"23e4d628-67be-4833-ac3e-abf3d18a0cba","""2026-01-03T21:22:04.000Z""","SKS-STP_101-BEIG-37"
"35fb600b-9fe8-42e7-bd7c-4016d6a3a70c","""2026-01-03T21:21:18.000Z""","NIK-DN1856_061-BLNG-7.5"
"35f3a68f-be5f-44d0-9e41-9c603f9807da","""2026-01-03T17:54:11.000Z""","NSM-Q5_136-BLAN-36"
"41aac460-17fc-477f-a57a-4c33cd3b1fe6","""2026-01-03T16:57:49.000Z""","MOL-52059-MNCM-37"
"36579f3b-7ce0-42ce-b714-274b13a748af","""2026-01-03T21:26:44.000Z""","BRB-2AR12672-RSDO-33"
"0b4ef2be-19ec-43f9-9900-23afe7c0fe39","""2026-01-03T21:26:50.000Z""","NSM-YAQ_625-NEGR-37"
"1678870c-6a43-418a-8d7d-d64cb59b2b4d","""2026-01-03T20:48:45.000Z""","SKS-SCH_229-NGBL-M"
"290c1f0c-4082-4934-827c-bc8e6fd05daf","""2026-01-03T20:48:45.000Z""","SKS-CJT_079-GRIS-M"
"4a1cb426-4321-4258-a5ff-cf83d504d80a","""2026-01-03T20:48:45.000Z""","SKS-SCH_226-VINO-M"
"4e61b8a3-f382-402c-aedd-6b519e514b1d","""2026-01-03T20:48:45.000Z""","SKS-SCH_223-VRBT-M"
"0c0c89ba-ca19-4b8e-8da4-e4564c7dee28","""2026-01-03T20:48:45.000Z""","NSM-Q5_139-FUCS-36"
"54fbca8d-12e9-4ea4-9b8f-c6a8857175f8","""2026-01-03T19:35:47.000Z""","PUM-396181_57-BLAN-7"
"c18fffe0-5481-458c-b075-d2a922e7ad1e","""2026-01-03T21:31:55.000Z""","NSM-OFER_023-NEGR-36"
"8814d133-33a9-47c4-b219-890f252abc15","""2026-01-03T21:29:48.000Z""","SKS-WI_086-NEGR-37"
"b23e076a-e53e-4122-a625-5979bf73f70f","""2026-01-03T21:32:30.000Z""","NSM-OFER_023-ACER-39"
"c5c20623-c5f6-485e-89e6-57b30f0b2902","""2026-01-03T20:42:23.000Z""","URB-LINK_016-BLVR-43"
"b0612d37-30b3-4671-9dc7-3a04da204034","""2026-01-03T20:34:00.000Z""","MAF-2QY0271-ROJO-39"
"54080dac-0443-4755-bbeb-670c57f0404c","""2026-01-03T19:42:04.000Z""","GRD-2GDA58-CAML-36"
"2757ff4e-9e40-4dd9-aec4-badec9633237","""2026-01-03T19:43:37.000Z""","GRD-2GDA58-BEIG-35"
"55e4cf07-aaa1-4321-8ac8-4cbc9d4ce14f","""2026-01-03T20:52:18.000Z""","SKE-114825_TAN-TAN-6"
"66fe5698-28cc-4c17-875e-083c5a46ce04","""2026-01-03T21:22:08.000Z""","URB-QTE_126-AZUL-44"
"41d7013f-283b-43fe-ace9-d09685529c92","""2026-01-03T20:54:51.000Z""","SKS-GZO_278-AZRJ-UNC"
"3d2bc25c-b0a2-40cc-8390-2f0fcbabe261","""2026-01-03T21:36:25.000Z""","SKS-ARL_018-NEGR-38"
"c979cd39-e57b-49eb-ac19-27f6728c67d0","""2026-01-03T19:43:21.000Z""","LOT-23VELTF_10-NGRJ-10"
"d43355d0-b618-46f0-b203-793aeec45049","""2026-01-03T19:32:26.000Z""","SKS-GZO_322-AZUL-UNC"
"0fecd3e8-69f9-4369-b747-94ed489e3b97","""2026-01-03T21:37:23.000Z""","SKS-SCH_233-NEGR-L"
"51b3924d-4d1b-417e-9b5d-5161db501e33","""2026-01-03T21:06:14.000Z""","FIL-5FM00002-BLAN-7.5"
"fcfc14f6-b200-4192-80aa-949829295a2d","""2026-01-03T21:21:06.000Z""","KLN-KL_1030-NEGR-35"
"1f8fafb1-24fe-4eca-b210-4cae25aeebc9","""2026-01-03T21:21:06.000Z""","KLN-KL_1030-BLAN-35"
"3b4a1f91-26a9-4441-a012-303596380e38","""2026-01-03T20:01:31.000Z""","PUM-400235_02-BLAN-4.5"
"43e07333-8a8f-40ec-81d0-77adef7ff3b9","""2026-01-03T21:38:14.000Z""","PUM-108379_01-NGMO-8"
"b8269254-01d6-4a6e-a359-120564c9f5fb","""2026-01-03T21:06:38.000Z""","SKS-ITE_718A-MALV-36"
"256da64e-90f0-4a3e-8b30-62f5f533b797","""2026-01-03T20:54:14.000Z""","SNO-2FY0351-BLAN-38"
"c2b3c48f-36cd-4ccf-a685-535bff1d28aa","""2026-01-03T20:58:02.000Z""","VMR-149_008_02-CAFE-36"
"25482cfb-1017-4ff7-82c5-f18c902e2de7","""2026-01-03T20:12:07.000Z""","NSM-Q5_137-NEGR-37"
"a5ffed35-2041-46f2-924f-fb87ad0f03b9","""2026-01-03T20:45:17.000Z""","ROU-TOFEH_012-GRIS-40"
"5fe4e8fb-96f3-4745-95b3-5156f174db0c","""2026-01-03T20:28:36.000Z""","STW-2SW0521-BLNG-31"
"08cb7716-7dcc-4673-bbfc-45598a90756f","""2026-01-03T20:28:36.000Z""","MNS-2MH106-NEGR-36"
"4b110103-e1c3-45c0-837a-7ab390de60b2","""2026-01-03T16:09:29.000Z""","SKS-TIM_102-LILA-37"
"06acbb66-3374-4919-bfff-991bbbad2542","""2026-01-03T16:09:29.000Z""","SKS-TIM_097-NUDE-37"
"b0a07a01-6c68-477f-93cc-e776c4dd2293","""2026-01-03T21:01:10.000Z""","MIN-2MN10651-FUCS-25"
"fe2029d0-2001-4574-bfc2-314c6b73ac2c","""2026-01-03T20:46:15.000Z""","KLN-KL_1026-AZUL-26"
"d236ef74-c3c1-41f2-8311-e064136d6552","""2026-01-03T21:00:55.000Z""","RID-2RDU86-NEGR-41"
"9947b793-0ea8-4554-8f7d-c8ae35bca0ea","""2026-01-03T21:34:30.000Z""","ESK-MON_096-NEGR-UNC"
"fa32ce1e-e263-4c1c-a02a-6f22fa9a382e","""2026-01-03T20:48:45.000Z""","SKS-SVE_396-BEIG-M"
"bb5eb8cf-fed2-4dc3-8f66-5682aaebd179","""2026-01-03T20:11:44.000Z""","MLK-2424_102-NEGR-32"
"74984147-04f5-4e08-adba-bc47b2e3fce2","""2026-01-03T20:05:47.000Z""","ADD-JR8538-MRDO-6.5"
"7f734ff5-a12f-4aba-a2b0-06a9317412dc","""2026-01-03T14:45:56.000Z""","ADD-IH5418-BLAN-6"
"042c2ca9-9f60-4786-94bb-a7bd4bd33e60","""2026-01-03T21:29:48.000Z""","SKS-WI_086-NEGR-36"
"b8c4c90c-7096-4fb8-9156-a501cfdd431b","""2026-01-03T21:26:44.000Z""","BRB-2AR12631-FUCS-34"
"ed087635-193e-4f86-9337-babcf35690fc","""2026-01-03T19:19:41.000Z""","SKS-TIM_096-NEGR-38"
"9c7ea96c-224d-459e-946f-7f7d6d1d2abb","""2026-01-03T20:44:36.000Z""","RID-2RDL53-AZBL-41"
"c52f1420-ac60-4c04-8b02-935918e3a08e","""2026-01-03T21:20:19.000Z""","URB-OFER_H05-AZUL-38"
"9f25c4d0-d7d2-4d26-a783-c2dc37612b15","""2026-01-03T20:58:28.000Z""","SKS-WI_072-NEGR-37"
"65222c71-4d33-45b3-932b-a0bc62a74254","""2026-01-03T21:42:40.000Z""","SKS-ITE_722-NEGR-37"
"7cf32598-7f6d-4ca2-b364-684890a4d4ce","""2026-01-03T21:42:40.000Z""","NSM-YAQ_615-BEIG-35"
"a38a3bf5-2567-447b-8048-fdc18a2a2867","""2026-01-03T21:42:41.000Z""","GRD-2GDG37-NEGR-36"
"59b5b2ff-b418-4913-9b55-eef5a768e17b","""2026-01-03T23:21:02.000Z""","SKS-WI_074-CANE-38"
"c541ad8a-d983-41dd-906b-7c3134e3cda3","""2026-01-03T23:05:59.000Z""","SKS-ARL_005-BLAN-38"
"8c8c07da-fb8c-4720-9e41-5f100bcfacb3","""2026-01-03T18:08:31.000Z""","MOL-52059-MUNE-36"
"d88303f5-a532-4dda-957e-899913fa8712","""2026-01-03T19:13:18.000Z""","KLN-KL_970-AZLN-22"
"cebf21c2-927c-42c0-b7dc-93dd7d902b4a","""2026-01-03T20:14:31.000Z""","SKS-TIM_101-CRAZ-35"
"450062a9-7a5a-4eb3-a979-8c0b7bec1ac6","""2026-01-03T22:06:42.000Z""","NSM-RNA_031-CELE-37"
"eafd8bbc-49fd-4225-a946-6494fc7cca28","""2026-01-03T20:27:57.000Z""","SKS-QIM_002-CELE-XL"
"8ba3e33d-2c25-421f-a8f6-5e7d7b80e5a1","""2026-01-03T18:14:00.000Z""","KLN-KL_975-ROSA-21"
"e9487f11-d9cf-4ecc-bb91-92ad3617c669","""2026-01-03T23:02:32.000Z""","SKS-GZO_267-LILA-UNC"
"67140126-2bfe-462b-a63f-a6d45bca185f","""2026-01-03T21:28:12.000Z""","SKS-SVT_119-NGPT-S"
"9ff3ca14-6f5e-457a-b3bc-5f8454df3216","""2026-01-03T23:40:09.000Z""","SKS-ADO_249-BLAN-38"
"0f2f3c3b-8238-482e-a1f4-7bc205b7a56e","""2026-01-03T20:54:46.000Z""","SKS-ARL_017-NEGR-37"
"5990e9f0-8919-46a7-9a9c-0cbeaf96f363","""2026-01-03T23:19:59.000Z""","SKS-SCH_239-VRBT-M"
"0dbfb691-6f03-4f40-8f8f-ebd590c6c06a","""2026-01-03T23:02:24.000Z""","ADD-JR5039-VRMN-8"
"7be788af-a9c9-4a7f-a9e7-7d1eb7dab9f5","""2026-01-03T20:16:10.000Z""","AMD-ASF_188-OLVO-43"
"7e464bb3-c85e-4af7-8c23-02bd1c74863e","""2026-01-03T22:46:17.000Z""","KLN-KL_1026-AZUL-23"
"4dbd865a-18e4-4436-8cd9-68f49aee7188","""2026-01-03T21:31:06.000Z""","NIK-HJ5846_100-BLAN-6.5"
"d616e2ce-7dc1-49fb-82cb-55216fea7948","""2026-01-03T21:43:52.000Z""","PUM-393910_13-BLNV-8.5"
"e61bf6e8-d4fa-4f46-861d-96a8d9047c7e","""2026-01-03T23:42:19.000Z""","AMD-TSL_210-TAUP-43"
"170a4314-8bbc-4e00-b68b-b30c8eaff8b4","""2026-01-03T23:42:54.000Z""","PUM-400235_01-NEGR-10.5"
"7e73397d-3070-4a98-9825-84f9e82e23ed","""2026-01-03T23:45:25.000Z""","NSM-Q5_129-BLBG-38"
"377f2fe4-c582-452a-906a-66af30860823","""2026-01-03T23:47:14.000Z""","AVN-2GVB34-CELE-29"
"92082eeb-b83e-4c4f-bbd5-1f542d4c7a33","""2026-01-03T23:47:14.000Z""","MAV-2GVA27-RJGR-31"
"5c480953-006f-436a-9d71-81f297c89bdb","""2026-01-03T23:47:14.000Z""","MAV-2GVA27-RJGR-29"
"19106f98-9718-4580-ba4b-b5d38591fa0c","""2026-01-03T23:47:14.000Z""","SKS-YQ_068-NEGR-35"
"ed6c0126-5907-4cf1-ac44-be3333454995","""2026-01-03T23:47:14.000Z""","MAV-2XMA02-GRNG-31"
"1ac409bc-e1c3-4198-81b9-383b4cd03c74","""2026-01-03T23:47:14.000Z""","SKS-ADO_238-BEIG-39"
"469c32c4-698c-4f4b-a111-d4ecc576f5d1","""2026-01-03T23:35:26.000Z""","SKS-SPA_231-MAGN-28"
"e0cbefb6-4130-4921-8419-8534bfe755d4","""2026-01-03T23:36:17.000Z""","BRS-2281100-NAVY-40"
"48932d07-0fd0-4b89-a6e2-f1986d0c827c","""2026-01-03T23:46:14.000Z""","UND-3026175104-BLAN-9.5"
"ed55ee60-c0c8-40fb-b7dd-e3925f9f9cb8","""2026-01-03T23:50:50.000Z""","VIZ-1422101-NEGR-37"
"959ab930-b267-4163-9b71-c7870c93785d","""2026-01-03T23:46:14.000Z""","SKS-SCH_226-VINO-M"
"67952f5d-84ae-497c-80ca-a347eb6fe3a6","""2026-01-03T23:57:56.000Z""","SKS-GZO_264-VERD-UNC"
"ed34b734-e40c-4786-9432-87b8e96ef95c","""2026-01-03T23:55:44.000Z""","ESK-ZA_W154-NATU-39"
"895d08b3-01f3-47ce-b868-2b7dccd7ed9a","""2026-01-03T23:42:54.000Z""","PUM-310778_02-BLAN-10.5"
"06ccff81-a9a8-42d0-af4b-c07bd4c1aaa1","""2026-01-03T20:42:30.000Z""","IPN-2IPS02-NGOR-39"
"6b2ef2d0-412e-4bf0-9ac5-b717fbfa0307","""2026-01-04T00:00:26.000Z""","SKS-NW_072-MENT-37"
"b8236b3c-74df-4f46-b384-9282845f7040","""2026-01-03T23:47:37.000Z""","MLK-2631201-MARR-20"
"93b3e634-8dfa-4286-a6c7-f184d7a27840","""2026-01-03T23:13:29.000Z""","SKS-WI_072-NEGR-36"
"81ee1f2d-79a0-4748-9814-d8a19997a481","""2026-01-03T23:07:54.000Z""","SKS-TIM_097-NUDE-39"
"2867b143-7515-4980-a03a-02eda495a461","""2026-01-03T23:58:40.000Z""","SKS-WI_075-NEGR-38"
"b9b965f8-61ea-449c-af6e-6e6788c2a05e","""2026-01-04T00:07:38.000Z""","RID-2RDJ72-AZUL-39"
"3137f696-fbfd-4ec7-a6be-d3e37b5b549c","""2026-01-03T23:10:38.000Z""","SKS-TIM_104-HUES-39"
"9052f1b8-5322-4f23-b8d6-80908bc60527","""2026-01-04T00:08:06.000Z""","ESK-S_ST706-NATU-37"
"1a76fd22-2fca-4b3b-863c-efc840add054","""2026-01-04T00:08:19.000Z""","NSM-Q5_135-NEGR-39"
"eb9a242a-fc6c-480e-be2a-ca0c1f983ea5","""2026-01-04T00:09:57.000Z""","SKS-ADO_251-BEIG-35"
"a1cb7aaf-8c7e-4177-bc5f-812d606df02d","""2026-01-03T22:42:43.000Z""","NSM-YAQ_623-NEGR-39"
"828cb3d8-f256-4232-88ea-6dd0c7d52413","""2026-01-03T22:26:50.000Z""","NSM-JS_066-BEIG-37"
"35ed6255-4a1b-452c-af1f-95ae83015e05","""2026-01-04T00:09:57.000Z""","NSM-OFER_019-ACER-35"
"b920de88-213b-49fa-a1f4-ecd9dae33a65","""2026-01-04T00:09:57.000Z""","AMD-ZDF_E35-NEGR-40"
"29e49976-450f-4d7e-8c91-dea95768d967","""2026-01-03T23:36:50.000Z""","ADD-JR4068-NEGR-6.5"
"fa962eb3-1528-4d18-842a-4dde0edaaa1e","""2026-01-03T23:47:14.000Z""","AVN-2GVB34-CELE-27"
"8649050b-f7c0-49ea-b2de-abbfee008d94","""2026-01-04T00:14:26.000Z""","VIZ-6292275_CY-NEGR-37"
"9a1ac967-f055-4d2e-918b-ccb30053692a","""2026-01-04T00:14:26.000Z""","VIZ-6292268-NUDE-37"
"cc296d36-f156-48c5-a255-bb23320ba0f6","""2026-01-04T00:18:22.000Z""","SKS-NW_068-ACER-38"
"dde35d11-df65-47e0-88a1-079023ae5291","""2026-01-03T20:09:51.000Z""","SKS-TIM_103-NEGR-36"
"afbf91bf-e644-4393-b579-3ddc3b423a21","""2026-01-04T00:05:34.000Z""","ADD-ID5263-ROSA-9"
"3bef2a74-9800-4865-9038-421e2966461e","""2026-01-03T23:00:19.000Z""","SKS-NW_083-VINO-39"
"deac3725-ffbc-4491-8dce-85cf77736856","""2026-01-04T00:10:59.000Z""","ADD-IH8001-BLAN-5.5"
"c82686e9-1186-420c-876e-e3dc50b37d75","""2026-01-04T00:19:10.000Z""","UND-3024878400-AZLN-10"
"ecb38a52-1078-411a-8efd-065160253d0e","""2026-01-04T00:28:01.000Z""","NSM-OFER_022-GRIS-35"
"20f572c3-06c4-47ac-a068-07acb7622889","""2026-01-04T00:28:03.000Z""","NSM-OFER_019-ACER-37"
"744f8a05-c77a-4d83-b234-f09c9f4029b3","""2026-01-04T00:23:17.000Z""","SKE-405638L_GRW-BLVR-2.5"
"16244536-2e35-4e31-bb06-eadb8c3581b8","""2026-01-03T22:51:14.000Z""","PUM-107485_03-NEGR-8"
"f3c3874f-55df-46ad-913c-f66d66d79dc9","""2026-01-04T00:28:03.000Z""","NSM-OFER_021-NEGR-36"
"09bd58cc-594b-40d6-938a-edaa6a522a90","""2026-01-04T00:28:03.000Z""","NSM-Q5_129-BLAC-38"
"49a54628-eb47-44cf-98b2-ee7ceadaccc0","""2026-01-04T00:28:05.000Z""","SKS-TIM_098-CELE-36"
"41e27c44-1797-4c3e-8c03-996a86602b02","""2026-01-04T00:26:20.000Z""","NIK-HM9593_003-NEGR-7.5"
"37426ee0-03bf-4fe1-93d2-e537910e18f9","""2026-01-04T00:27:40.000Z""","NSM-OFER_022-NEGR-35"
"9acd3ab0-57bb-4ce3-bc63-923ec9613868","""2026-01-04T00:25:55.000Z""","PUM-091169_24-GUIN-UNC"
"49b98a3c-f6d1-401d-b6fd-da0b19c88694","""2026-01-03T15:09:58.000Z""","SKS-ADO_241-NEGR-37"
"aa4973af-ac1d-4a3a-b9bb-255a76946f4e","""2026-01-04T00:32:47.000Z""","SKS-WI_080-NEGR-35"
"9234d914-38d4-40eb-87a0-f51caaf6e9a9","""2026-01-04T00:31:11.000Z""","PUM-310093_28-LILA-6"
"f3407eaf-a0f1-451d-8507-a5db56a3e462","""2026-01-04T00:33:21.000Z""","NSM-Q5_129-BLBG-38"
"05815f37-b088-4fa2-ae80-6f5571b7d272","""2026-01-04T01:30:41.000Z""","ESK-PR_MF12-AZLN-38"
"eb0c6f32-22c2-42f3-80c9-f80667c12982","""2026-01-04T00:33:21.000Z""","SKS-ITE_713-NEGR-37"
"23cea7cc-dc8e-42b8-b6be-5027db71b1dd","""2026-01-03T23:51:42.000Z""","PUM-107478_08-NEGR-9.5"
"f9fbb861-7f4d-47b0-9696-dc19a60f5422","""2026-01-03T22:49:04.000Z""","MOL-52059-MUNE-34"
"85767be8-9e27-4181-83e0-ac6eb1d4f348","""2026-01-03T23:41:18.000Z""","SKS-TIM_098-CELE-36"
"0b323020-5dc0-4211-a452-3731be81a0f3","""2026-01-04T00:35:16.000Z""","MOL-52059-MNCM-36"
"0fa997cd-0240-48bb-b20e-e690f2de9650","""2026-01-03T23:47:14.000Z""","SKS-NW_082-AZUL-38"
"c1505745-b3e0-4891-9e89-f0bb85840886","""2026-01-03T23:47:14.000Z""","SKS-VF_116-NUDE-39"
"a46718fe-6eb7-4406-8264-38bd70e516cc","""2026-01-03T23:47:14.000Z""","SPD-2GAB34-AZRJ-27"
"db73163c-9cdd-4bf0-8cbb-434868739453","""2026-01-04T00:01:55.000Z""","ADD-IF9789-NEGR-7.5"
"861290c3-bf0f-4a6a-9f1c-528c8674af8e","""2026-01-04T00:33:21.000Z""","SKS-ITE_716-ACBL-38"
"763fc0e8-5083-4b39-8240-2fdc3c885499","""2026-01-04T00:33:21.000Z""","NSM-YAQ_615-BEIG-38"
"85cad7e4-01cf-4bd5-a91c-5e2c01a92870","""2026-01-04T00:32:18.000Z""","NSM-TIAN_005-NEGR-36"
"52aebef6-435c-4ef4-9cb0-f257001d7702","""2026-01-03T21:46:57.000Z""","SKS-YQ_077-NATU-36"
"ea7d5fe2-fd16-4fdf-9baa-9c405ac4a012","""2026-01-03T16:44:16.000Z""","REE-100074498-ACER-9"
"b50c1c81-9d7c-4865-9b54-2c40c6f3cc30","""2026-01-03T16:44:16.000Z""","ADD-ID3027-BLAN-9"
"0bb24296-c927-4e88-b28f-c3f9007f47e4","""2026-01-03T17:52:14.000Z""","DC-MANTECA-BLMN-9.5"
"b73b4ba5-73b6-4524-9251-93f8e4b32d59","""2026-01-03T17:02:48.000Z""","CAR-2GCC80-GRNG-42"
"2bbd9572-4187-488b-8d8a-522d8bd6bd2f","""2026-01-03T16:44:16.000Z""","MOL-5797208-BLBG-36"
"84301a24-1611-4bb1-9d7e-3cf61a234526","""2026-01-03T16:44:16.000Z""","URB-SND_158-BLAN-42"
"17f12dc5-2ea1-4a85-81e7-b5649570a005","""2026-01-03T19:08:02.000Z""","SKS-SVE_402-PLAT-S"
"f0d7f37e-ed29-407c-8f19-92bd7334b965","""2026-01-03T17:02:48.000Z""","DRB-2DB009-NARJ-31"
"a1786221-36bb-4990-9cd9-8c729514fa0f","""2026-01-04T00:17:57.000Z""","ESK-B_FE12-TOFE-37"
"8d099157-e810-43b1-a632-a262c65b7db3","""2026-01-03T23:23:44.000Z""","SKS-GZO_313-PARS-UNC"
"52ec0ce3-376d-43ca-90cc-3c5bd1d36934","""2026-01-04T00:16:40.000Z""","SKS-ITE_711-NATU-38"
"20600b92-17f9-49d9-b6c6-6d69e771c9a5","""2026-01-03T23:51:34.000Z""","SKS-THC_004-ROSA-M"
"83676dfc-f39b-4215-9d21-f5efc54c2109","""2026-01-03T23:41:19.000Z""","SKS-STO_563-ROJO-M"
"c33d2478-bd7b-4184-9b95-0a12f438ad6f","""2026-01-03T23:35:26.000Z""","SKS-SBL_937-NARJ-S"
"2299144e-542d-4ba3-90fb-a035fca3525a","""2026-01-03T23:35:26.000Z""","SKS-SBL_042A-CELE-S"
"6d38e578-53ec-4d74-b963-b7912c6463cf","""2026-01-03T23:57:17.000Z""","PUM-107485_03-NEGR-10"
"e238af58-4d5a-41b4-a1d6-73c72f5b9c15","""2026-01-03T20:09:51.000Z""","SKS-STP_096-BLAN-36"
"1e6fb500-d646-4e59-a0e9-db68626ab1e2","""2026-01-03T23:51:32.000Z""","MOD-7340122-BEIG-37"
"49b6aac2-a4c9-41cd-bff0-d40db786b7e2","""2026-01-03T22:21:10.000Z""","VIZ-1346112_CY-BLAN-37"
"a1c4a367-97d3-40b0-9641-a32408702b0f","""2026-01-03T23:36:17.000Z""","BEI-41361102-BGNG-36"
"ec39a549-b8c8-453f-b385-3f765b3cc074","""2026-01-03T23:51:32.000Z""","MOL-52059-MNCM-36"
"b6feabcd-d243-4a50-b24e-0e07b99a701c","""2026-01-03T23:51:32.000Z""","MOL-52059-MNCM-35"
"46ecb7be-7997-4cfc-8902-67cda66f5736","""2026-01-04T01:13:37.000Z""","NSM-BTY_002-NGBL-39"
"3e81508e-e499-4c7b-a31c-00a03f287929","""2026-01-03T23:58:13.000Z""","SKS-ARL_001-NEGR-40"
"ae7361de-de5c-4cad-a87a-a3d38085087b","""2026-01-03T23:54:38.000Z""","SKS-SCA_222-HUES-XL"
"04383bae-cb9e-43bb-9b16-f4af769109c9","""2026-01-04T00:24:01.000Z""","SKS-WI_079-BRND-37"
"4597c478-fa5a-40e3-bfd9-8d4d78a0f4a8","""2026-01-04T00:40:14.000Z""","SKS-WI_072-NEGR-38"
"42eb3171-0a55-4d72-97a5-387c9465b765","""2026-01-03T23:20:23.000Z""","SKS-WI_086-NEGR-35"
"3cb8da2a-3617-4229-b36f-2d1a5683188e","""2026-01-03T23:20:23.000Z""","SKS-ADO_257-MARR-35"
"9ca962f8-6db6-494b-b42d-4e39ee632a62","""2026-01-03T23:20:23.000Z""","ADD-JH7243-NEGR-5.5"
"d380c5d6-90d5-4a15-bd77-abe1c8fd0944","""2026-01-03T23:23:41.000Z""","SKS-ITE_724-NEGR-36"
"216a7985-8ab1-4d9c-b804-291cc4c271dc","""2026-01-04T00:24:01.000Z""","ADD-HP2255-NAVY-9"
"0e70282e-0358-4a49-99ba-e81e711bc357","""2026-01-03T20:38:46.000Z""","MOL-5297559_CY-JNCL-39"
"0414d53e-d3ec-4d5d-bd58-d9ff4fe3ee90","""2026-01-03T22:41:31.000Z""","SKS-NW_073-GRIS-39"
"e2ef397d-e535-42b0-9f59-4b2baa8bc9da","""2026-01-03T23:51:02.000Z""","NSM-RNA_030-FUCS-37"
"eeebe7e2-5fb7-4e01-8d76-e503b2ae4240","""2026-01-03T23:31:17.000Z""","RID-2RDC30-AZBL-43"
"eb8c0668-b7e3-4b79-97fe-868bcaba3127","""2026-01-03T22:09:36.000Z""","SKS-STK_329-HUES-UNC"
"567531c9-31d4-4ab0-97f3-18f6ac10ce5f","""2026-01-04T00:01:49.000Z""","SKS-NW_071-NEGR-37"
"1675b7f9-c2bc-4ae1-91e7-caba1e737925","""2026-01-04T00:31:34.000Z""","PUM-310093_28-LILA-5.5"
"8942a31d-e6c9-4e3b-b282-bde466812aa0","""2026-01-03T23:14:17.000Z""","SKS-SBL_933-VRMN-M"
"e16e0265-8131-43b8-b55e-23af1d202b17","""2026-01-04T00:33:21.000Z""","NSM-NWS_003-BLAN-39"
"fe90b445-c1d2-473e-a0e2-bbca964f89c9","""2026-01-03T15:16:25.000Z""","MOL-5462140-NEGR-35"
"45ac0326-0eb2-4e6d-b7a2-0ee0573c62ae","""2026-01-04T00:42:21.000Z""","VIZ-1285400_CY-BEIG-35"
"319a0502-a9d8-4dc7-ac67-940297fa9978","""2026-01-03T20:35:22.000Z""","KLN-KL_973-DORD-20"
"401ac1f1-a80a-46c8-b951-c0b268bdc605","""2026-01-03T20:50:50.000Z""","MOL-5496101_CY-PLAT-39"
"1c505c83-0c3c-43c1-94dc-f7167ccebe00","""2026-01-03T23:46:51.000Z""","NSM-YAQ_615-BEIG-35"
"cec0381a-d3ba-4a2e-b7c8-969e35523eb2","""2026-01-04T00:26:20.000Z""","NIK-DV9007_001-GRIS-7.5"
"691f60e2-14a2-41e4-b902-1eb8436b91b3","""2026-01-03T22:10:57.000Z""","SKS-WI_077-NEGR-36"
"b444ff5c-c38d-40ba-9691-835b414159b8","""2026-01-03T23:36:17.000Z""","ROU-TOFEH_008-AZUL-40"
"1c36b944-dfac-4a38-9cba-e9e6205b5710","""2026-01-03T17:34:28.000Z""","SKS-GZO_302-AZNT-UNC"
"5d8f8b36-3172-41ba-a3d4-25d6906f341c","""2026-01-03T21:47:49.000Z""","MOL-5463307-NEGR-37"
"4b95de66-bb6b-47bf-a1e7-dc528ed77778","""2026-01-03T21:45:43.000Z""","BEI-8449300-NUDE-33"
"2c37c312-c4ab-49d9-8bc4-fa8813d92c22","""2026-01-03T21:45:43.000Z""","VIZ-6371367-NEGR-37"
"44b03d3e-5b79-4aed-8bf4-d2e81e492e25","""2026-01-03T21:45:43.000Z""","MOL-5297559_CY-NGCR-37"
"39abc232-538e-42cd-817b-4ba198880ab3","""2026-01-03T21:45:43.000Z""","MOL-5297559_CY-NGCR-35"
"9a158ec0-705e-4de1-80e1-153c24ff8910","""2026-01-03T20:40:53.000Z""","AMD-ZB_A222-BLAN-41"
"3af03b49-32d8-4e5a-937c-d931b0a1497e","""2026-01-03T23:10:16.000Z""","SKS-TIM_104-NEGR-39"
"1fa8295f-951c-4e09-a44c-70b35407afae","""2026-01-03T23:42:44.000Z""","ESK-S_PM17-PERL-37"
"53ff2162-d7dd-4a9d-ae7b-36a7093cfdd2","""2026-01-04T00:09:57.000Z""","SKS-WI_074-CANE-35"
"2c12baaf-bda1-468b-8d70-94a15a5f4079","""2026-01-04T00:08:19.000Z""","NSM-Q5_135-AMAR-39"
"cd9391c5-45fe-4b21-abce-d6bc8467df56","""2026-01-04T00:23:17.000Z""","ADD-JR8126-BLAN-2"
"45ac3a51-f23a-49fb-b2aa-e913b4663d95","""2026-01-04T00:23:17.000Z""","ADD-JI0375-NGBL-2"
"09b10587-e7e8-4192-a242-67f4a4712093","""2026-01-03T23:54:52.000Z""","SKS-WI_075-NATU-38"
"2db94e68-e2be-4c46-b196-e34036f1e8b0","""2026-01-04T00:25:55.000Z""","URB-OFER_H01A-NEGR-43"
"d7765423-b296-4ab9-b67e-5f783165c9ae","""2026-01-04T00:25:55.000Z""","URB-OFER_H01A-AZAC-43"
"cb8adb1d-8fc0-4c9b-879a-a2a49ed816c7","""2026-01-04T00:47:09.000Z""","NSM-BRIT_029-NEGR-37"
"7f135392-4f95-4e57-8e26-262895d29ad2","""2026-01-04T00:45:35.000Z""","ADD-GW1987-BLAN-13"
"fe100854-2449-4c8f-b6da-2542ae8e8a12","""2026-01-03T23:34:46.000Z""","SKS-SBL_951-VINO-S"
"8b273f2b-fa90-4351-835a-32c5f2a11848","""2026-01-03T23:34:46.000Z""","MOL-5496101_CY-NEGR-37"
"91d79af3-30a8-4042-b94e-860adf75ff23","""2026-01-03T23:34:46.000Z""","SKS-SBL_951-NEGR-S"
"ca062b18-9791-492b-9ee0-c3dbc65cbaf0","""2026-01-03T21:56:54.000Z""","SKS-GZO_267-LILA-UNC"
"e0e479b8-c09b-492b-a2cc-b1ff516ebd2b","""2026-01-04T01:13:37.000Z""","URB-LINK_012-NEGR-40"
"6b346d0c-cc0d-4a99-9620-dd2ee47c492b","""2026-01-03T21:59:34.000Z""","SKS-ADO_244-NDDR-36"
"d9bea2af-632d-4356-81ab-c64fba2619b8","""2026-01-03T22:04:41.000Z""","SKS-REN_003-NATU-35"
"def9f8b6-6cc2-4385-aebb-6619fa5647ee","""2026-01-03T23:29:22.000Z""","SKS-GZO_292-ROSA-UNC"
"d04c027f-244a-4ac1-91b5-36b198faf0aa","""2026-01-04T00:39:21.000Z""","SKS-SCH_226-VINO-S"
"7e77cc41-76f0-4b3f-aa10-ed5203b2ea3d","""2026-01-04T00:58:49.000Z""","MIK-PCD_3445_A-BEIG-S"
"411f96eb-56d4-48d7-94cc-f70844d0c0c7","""2026-01-04T00:57:08.000Z""","RID-2RDF32-AZNG-42"
"f5f82753-9bd9-417e-85d7-11b96d1222e0","""2026-01-04T00:03:52.000Z""","KLN-KL_972-NUDE-19"
"3ea62853-20fb-49be-b0d7-e53fa9be924f","""2026-01-04T00:10:15.000Z""","KLN-KL_1026-AZUL-23"
"91981353-d74c-455b-b60c-837eb36b867e","""2026-01-04T00:59:48.000Z""","MOD-7013600-NEGR-38"
"caad4c97-be0c-4aad-8dd6-b25b08bf3d4e","""2026-01-04T01:00:13.000Z""","URB-OFER_H05-AZUL-38"
"9a8b130e-704e-4b0c-a3fd-38a29064892d","""2026-01-04T00:55:31.000Z""","KLN-KL_1027-HSCM-26"
"e90230e4-0315-4ab9-a203-02d07ce395b0","""2026-01-04T01:13:37.000Z""","HLK-HKT_0178-BLAN-29"
"c0d2d609-da2e-4404-8597-cbb057abeb28","""2026-01-04T01:09:30.000Z""","SKS-SCA_221-CELE-M"
"4a855feb-9644-46ed-825d-d90ebd3cc7da","""2026-01-03T21:12:02.000Z""","SKS-STO_P06-VERD-M"
"96d61ae4-155f-4518-b4df-4c7ca92da425","""2026-01-03T21:12:02.000Z""","SKS-STO_583-VRBT-S"
"dc71364d-00f1-4f64-bb76-8331a461c717","""2026-01-03T21:33:19.000Z""","ESK-Z_PM27-ROJO-35"
"8266fae0-1168-4cba-9957-7b74eaa883ff","""2026-01-04T01:02:25.000Z""","CAR-2GCI40-AZUL-43"
"b5feb584-930c-4434-9917-c28386a05590","""2026-01-04T01:19:07.000Z""","SKS-STP_107-BEIG-38"
"7b76b3ed-0f84-49a4-a78b-60f5f21f2cff","""2026-01-04T01:24:56.000Z""","LOT-LOTB2S2503-BLAN-13"
"d5649025-6546-434a-9872-c10a1c40c5ab","""2026-01-04T01:17:15.000Z""","SKS-QIM_001-BEIG-XL"
"74294643-d1d0-4114-83ab-4c6c2738004d","""2026-01-04T01:21:14.000Z""","SPD-2SN12421-NEGR-29"
"044bd87d-961b-4c2f-b590-98a4255fedf1","""2026-01-04T01:26:34.000Z""","MOD-7378114_CY-CEPT-36"
"75db6fd3-f122-4e74-950a-fdad5e0ddb27","""2026-01-04T01:30:14.000Z""","PUM-311731_10-NEGR-10"
"1ca7c076-f635-4726-8aa7-f992943aebf2","""2026-01-04T01:14:48.000Z""","SKS-TIM_097-NEGR-36"
"64840273-fbcd-47bc-a4a7-9ef23023cb71","""2026-01-04T00:32:41.000Z""","JAC-ZP_G11-ROJO-31"
"8a50e680-45da-4fd1-bdf7-20fd5306a6a3","""2026-01-04T01:16:24.000Z""","JAC-ZP_G08-AZUL-31"
"cb8ff87d-e536-4839-b1ae-1fdff85547d0","""2026-01-03T14:59:28.000Z""","PUM-383037_16-NAVY-8.5"
"1c57a8e4-b237-40c7-9693-160ebeccb930","""2026-01-03T14:59:28.000Z""","URB-ZB_C130-AZUL-41"
"d20c9504-dea6-4f69-964f-6918e8c89d87","""2026-01-04T01:35:42.000Z""","NIK-DH2987_115-BLOF-10"
"05ce5ca5-df5f-4576-9247-5bfadd6bd099","""2026-01-04T00:03:52.000Z""","AMP-38061_CY-NEGR-UNC"
"28ada654-844a-4e83-8f60-c0743661d7a2","""2026-01-03T23:24:19.000Z""","AMP-36899_CY-NEGR-UNC"
"ec5c2d5b-9882-48bd-8d65-e4791192382a","""2026-01-04T01:13:39.000Z""","NSM-NWS_002-NEGR-36"
"090e26e2-54f1-4774-a72d-ce32029bc626","""2026-01-04T01:02:30.000Z""","JAC-LC_209-PTRS-33"
"11142c2e-619f-4a22-a895-f283bacf2a77","""2026-01-04T01:19:07.000Z""","NSM-Q5_129-BLAC-40"
"ebe8c678-6c0f-41f3-a888-06ba6e1bc6e3","""2026-01-04T01:16:55.000Z""","SKS-QIM_002-NEGR-S"
"72e5034e-a587-4037-be93-1ee8e86086cf","""2026-01-04T01:07:13.000Z""","RID-2RDF32-GRRJ-42"
"94d7f83a-262f-435d-ba23-b94d2634316c","""2026-01-04T01:09:30.000Z""","PUM-390987_20-BLAN-9.5"
"8b8d7f17-4c2c-4f52-aab7-71d8e7a249fc","""2026-01-03T21:26:33.000Z""","ESK-S_PM15-TOFE-35"
"d511f416-5004-42f7-b714-484b3887d2e5","""2026-01-04T01:38:35.000Z""","SKS-CAM_143-NUDE-36"
"6cc1bfd7-9d87-42cf-aaa3-aee1ab01d481","""2026-01-03T10:59:01.000Z""","JAC-CSV_236-ORRS-21"
"bc4bb322-97d4-40ca-8e84-5cd47f3b06af","""2026-01-03T22:23:49.000Z""","AMD-ZL_A09-BLAN-40"
"952c4af4-8ebb-4108-93e8-1bf705c7af00","""2026-01-03T20:46:15.000Z""","JAC-ZB_IB100-NGGR-26"
"048d45cb-e175-4ec0-a15a-61f66f37c6e1","""2026-01-03T15:21:51.000Z""","SKE-303573N_BLK-NEGR-10"
"53d21627-272e-47fc-9d3c-1fd01da5cbbc","""2026-01-03T16:09:29.000Z""","SKS-TIM_098-CELE-37"
"3b155a36-cd0a-493a-bbc3-f13ce827c2f2","""2026-01-03T22:14:26.000Z""","ACT-4829325-NEGR-36"
"cfc09736-3bc2-4602-9d06-6f3e1cd6f807","""2026-01-04T00:32:45.000Z""","CAR-2GCH40-MRBG-40"
"0b28b7d0-5de1-440a-bde1-a693836ff076","""2026-01-04T01:41:30.000Z""","NSM-RNA_031-CELE-39"
"65625e7b-4f51-4fd8-943e-5ef28b602127","""2026-01-04T01:41:53.000Z""","JAC-MEZ_017-HUES-30"
"f4c5e8ac-f395-4db0-97de-0088e9cdc042","""2026-01-04T01:42:59.000Z""","NSM-Q5_139-CAML-36"
"84b35099-bd74-41a3-9d1c-ff05ea696fc0","""2026-01-04T01:43:17.000Z""","RID-2RDJ72-AZUL-39"
"13a8ae32-6154-4341-8c43-e395e210aa0d","""2026-01-04T01:28:53.000Z""","BLU-2BU0561-CELE-25"
"c2093d2e-1d72-4414-a350-8993040205d7","""2026-01-04T00:48:35.000Z""","SKS-WI_072-NEGR-39"
"64a031b4-05c7-4942-995b-502510cac76a","""2026-01-04T00:53:15.000Z""","NSM-Q5_134-AZUL-39"
"93d26a17-1d4a-4750-bf38-d11f729a2662","""2026-01-04T01:36:02.000Z""","SKS-WI_086-NEGR-39"
"4150d3a8-9a7a-4d11-9a0c-76bf23a97a4a","""2026-01-03T23:18:54.000Z""","PUM-371128_66-NEGR-9.5"
"4e845c3a-16cc-41d0-be4f-54a79fb0746c","""2026-01-04T01:49:06.000Z""","NSM-Q5_132-VINO-37"
"b47543e7-4140-4f64-be4b-ea96ffcdec02","""2026-01-04T00:56:33.000Z""","KLN-KL_983-AZUL-21"
"792aa9a9-ffd0-40a7-83c8-a3341024ccd8","""2026-01-03T23:42:22.000Z""","ADD-JP5615-BLAZ-10"
"6a6e2c18-ec4f-473f-886e-67bf37a28272","""2026-01-04T00:15:54.000Z""","SKS-STO_586-NEGR-XL"
"aa086d09-c3ed-46c2-8aa4-a96b96165341","""2026-01-04T01:53:32.000Z""","DRB-DBS_0592_A-MARF-10"
"2ad6d15c-a1d9-43e3-9621-55f89b9091b9","""2026-01-04T00:48:16.000Z""","ROU-TOFEM_028-GRIS-36"
"a7c7fe44-2cec-4188-a640-11ef17d24aa2","""2026-01-04T01:52:56.000Z""","BRB-2AR12631-FUCS-34"
"507272b0-f652-47ee-b914-3ab8188f6f92","""2026-01-04T00:53:41.000Z""","ESK-MP_Z117-NEGR-37"
"5224b1fa-cc6c-4288-a507-1d9c391f423c","""2026-01-04T01:57:25.000Z""","NSM-Q5_127-BLNG-39"
"6ae5a6c6-bc79-4b27-b62b-bb67cdaf0a96","""2026-01-03T23:58:29.000Z""","JAC-FRS_218-ACER-21"
"677be975-e2a5-4a53-9400-a611e8257f68","""2026-01-04T01:57:19.000Z""","KLN-KL_1025-AZUL-23"
"bac3a3cb-08e7-4f6c-ad8d-2f2b3bf9da56","""2026-01-04T02:14:18.000Z""","AMD-MND_238-NEGR-UNC"
"e839218b-4e94-493b-8051-b2d1b98c8ddb","""2026-01-04T01:56:43.000Z""","SKS-TIM_096-BEIG-38"
"b43af160-6317-4fb0-8089-791752a1c6bb","""2026-01-04T01:56:43.000Z""","SPD-2SN12391-ROJO-30"
"d3deb1cb-b73f-408f-bb79-ce471246f307","""2026-01-04T01:56:43.000Z""","SKS-GZO_325-BEIG-UNC"
"aec3378a-9022-4e80-bf9e-ce82806f096f","""2026-01-04T02:02:14.000Z""","ESK-S_PB10-VRHS-35"
"bbd453c3-eef5-4b60-b822-b0f5b7eacd25","""2026-01-04T02:04:38.000Z""","PUM-402646_01-BLAN-6"
"be4ca303-212d-46d5-98ba-a7d99dc6f978","""2026-01-04T02:07:40.000Z""","VIZ-6292275_CY-NEGR-38"
"fa20218b-18dd-4f3c-9cc7-5f5054670375","""2026-01-04T02:09:44.000Z""","PUM-400217_07-BLAN-7.5"
"42192e5d-0074-4c3e-ac7f-35fd6137230b","""2026-01-04T01:48:45.000Z""","RID-2RDE50-AZUL-41"
"87b3715f-e035-443b-a7ce-37d51a479b6a","""2026-01-04T02:11:40.000Z""","VIZ-6292275_CY-BLAN-38"
"54effbcc-6d73-42fe-bff4-74718d68336c","""2026-01-04T01:55:21.000Z""","RID-2RDE50-AZUL-41"
"31da5753-a977-40c5-9ec6-a662562527df","""2026-01-04T02:14:18.000Z""","SKS-ARL_013-DORD-37"
"45c11701-a278-4d03-b9d4-e72e9a4da7c7","""2026-01-04T02:14:18.000Z""","JAC-SP_G101-RSDO-29"
"3f7bc31b-524f-4cca-ab6a-72e8b51bc66c","""2026-01-04T02:11:27.000Z""","JAC-LC_207-ROSA-31"
"24631897-96b3-43a4-ace7-a75ca989df47","""2026-01-04T02:02:19.000Z""","ESK-B_FE20-NEGR-37"
"62420486-e936-440a-9a49-af90df260a31","""2026-01-04T02:16:37.000Z""","UND-3026175400-AZUL-9"
"f7cbfecd-be3d-466b-b04a-9501663720a7","""2026-01-04T02:18:02.000Z""","NSM-OFER_023-PARS-37"
"da72509d-e83e-4b10-9436-e3c19a454bfa","""2026-01-04T02:18:02.000Z""","NSM-OFER_023-MENT-37"
"ac5182f6-d23e-4c38-b45d-653855f0230e","""2026-01-04T02:18:02.000Z""","SKS-MNG_058-NEGR-37"
"b58809d0-68d1-42f6-bbab-909e9368faf2","""2026-01-04T02:18:08.000Z""","MOL-5496101_CY-PLAT-36"
"c4d3de04-b959-423d-b68a-116608cb84fe","""2026-01-03T17:10:37.000Z""","MOL-52059-MNCM-36"
"c5eb66e1-8365-4a5a-93fa-214ed2f5bb3c","""2026-01-03T17:10:37.000Z""","MOL-52059-MUNE-36"
"21256113-e036-4e06-9384-306e2508e441","""2026-01-03T17:10:37.000Z""","MOL-52059-MUNE-35"
"be2cbe4c-eac0-4311-a026-9936e65df951","""2026-01-03T17:10:37.000Z""","MOL-52059-MUMA-37"
"b566b270-f9a4-4022-b578-142ac622f11e","""2026-01-04T02:02:14.000Z""","SKS-TIM_098-CELE-37"
"717b7ae1-ca61-4074-a250-aab67e86299f","""2026-01-04T01:34:02.000Z""","ADD-JS4402-AZUL-5"
"e279042f-4fb4-4641-bf39-e46ce5da4b22","""2026-01-04T01:43:00.000Z""","NSM-OFER_019-ACER-36"
"ab486002-d27d-49a5-a4ab-97e15cae5f66","""2026-01-04T02:31:06.000Z""","VIZ-1346112_CY-BLAN-37"
"d09cf923-fc17-4edd-9f95-6262af4d67e7","""2026-01-03T18:20:09.000Z""","SKS-GZO_282-VERD-UNC"
"f472486a-d9ce-4b63-8541-d9576380f116","""2026-01-04T00:36:50.000Z""","ESK-PR_ZW4-NEGR-36"
"01588f4c-7f01-409e-a2d5-b7cfd75bc030","""2026-01-04T01:38:17.000Z""","ADD-HP6010-BLAN-9.5"
"a554f1c7-7190-42a1-8845-b39250ba0472","""2026-01-03T23:40:09.000Z""","SKS-ADO_256-BLPT-38"
"f6c948ac-d7de-4723-9350-0a80933e668e","""2026-01-04T01:15:51.000Z""","ROU-TOFEM_024-AZCR-36"
"eecda21a-d389-4485-9b0e-e38ffc543624","""2026-01-04T02:48:14.000Z""","MOD-7014229-NEGR-35"
"c70ce4fa-1171-4ae2-a0a4-c842c9e4a7af","""2026-01-04T02:35:31.000Z""","PUM-311731_11-VRAG-5.5"
"06eaf989-a7a5-4737-a34a-57d3ea52fda1","""2026-01-04T03:42:07.000Z""","NSM-Q5_141-AZUL-38"
"74bd74df-668a-412f-b9df-d08a181f9ba3","""2026-01-04T02:47:55.000Z""","ADD-IE3850-AZOS-12"
"d1e2458b-d0b3-422d-8971-32e5719e71b6","""2026-01-04T03:19:45.000Z""","SKS-GZO_312-CLHS-UNC"
"ecb42210-6780-424a-b876-97df0abd92e6","""2026-01-04T01:56:43.000Z""","CAR-2GCO85-BGMR-41"
"fe00e162-1b81-4895-8b2a-5033fb470cb0","""2026-01-03T20:42:06.000Z""","NSM-GER_126-AZUL-36"
"3626d7be-1577-491d-aa0c-431c92009962","""2026-01-03T22:33:03.000Z""","NSM-GER_126-HUES-38"
"8704fdd7-9201-4f34-9a37-1c13dc8f457e","""2026-01-04T02:04:38.000Z""","PUM-525779_44-BURD-XS"
"2e732e87-7ff0-4671-993f-504fdbed7ca2","""2026-01-04T02:17:17.000Z""","SKS-STP_107-BEIG-35"
"ba26588d-732d-4496-b9ac-8bd95967f4ac","""2026-01-04T01:56:43.000Z""","SKS-YQ_074-VINO-37"
"8db197d8-1280-40c6-9dab-1195d580b7cb","""2026-01-04T01:56:43.000Z""","SPD-2SN12392-CELE-34"
"bee3285b-a9e2-4983-b532-c12d748bdc9a","""2026-01-04T02:36:52.000Z""","VIZ-6291927-NEGR-38"
"d2f1c677-80b8-4597-880f-2febb1b53b45","""2026-01-04T02:36:27.000Z""","PUM-310783_03-GRIS-9"
"f5c5fadd-7da3-4667-9726-ce0ae09ceeab","""2026-01-03T17:10:37.000Z""","AVN-2GVB34-CELE-27"
"c9566fe9-76cd-49b1-b41b-0f93e46c5864","""2026-01-03T17:10:37.000Z""","AVN-2GVB34-CELE-29"
"2184a92b-32d1-438c-84c3-3bff9e6f41dd","""2026-01-03T17:10:37.000Z""","MAV-2GVA27-RJGR-25"
"2483e561-1a9e-4d14-bcff-b757b1e87cd1","""2026-01-03T17:10:37.000Z""","MAV-2GVA27-RJNG-31"
"469691f6-1e59-4803-8f30-54b039403ab3","""2026-01-03T17:10:37.000Z""","MAV-2XMA02-AZUL-33"
"e8abee7a-2b8b-41a4-b2f7-ae03cb368244","""2026-01-03T17:10:37.000Z""","MAV-2XMA02-GRNG-29"
"df3814b6-2f17-427c-802e-0bb34d2a1ac2","""2026-01-03T17:10:37.000Z""","MOL-52059-MNCM-35"
"14f06827-83ea-4f8a-b253-3f2bfae3499f","""2026-01-03T17:10:37.000Z""","MOL-52059-MNCM-37"
"c53e5145-e764-4400-a8a4-671b9d614a56","""2026-01-03T17:10:37.000Z""","MOL-52059-MNCM-38"
"8c22c6c1-57ba-42a4-aa25-b98813da2b3b","""2026-01-03T17:10:37.000Z""","MAV-2XMA02-RJAM-27"
"da4ab128-6466-41e0-b310-4f165b55f90d","""2026-01-04T02:36:52.000Z""","BRS-2269107-BLPL-42"
"e2a6b4fa-68dc-46ad-b482-7c10bf4f4aa9","""2026-01-04T01:37:48.000Z""","URB-QTE_126-BLAN-43"
"3addd7f8-1b93-4ca1-84b6-cb6a0bc682a6","""2026-01-04T00:20:36.000Z""","VIZ-62832118_CY-NEGR-37"
"77cb1311-8182-489e-8b75-4d9802e35f04","""2026-01-04T01:21:47.000Z""","SKS-YQ_061-NEGR-37"
"ab94761f-ce47-455d-88d6-5bf3e3a5f5b9","""2026-01-03T17:10:38.000Z""","MOL-52059-MURJ-34"
"264eef5b-4b58-484d-8064-c5cb9ba4eb64","""2026-01-04T02:07:55.000Z""","SKS-SPA_231-NUDE-32"
"8584623b-3b0b-43e9-b7b6-bc359df71b03","""2026-01-04T02:27:40.000Z""","VIZ-11841101-BEIG-36"
"4438818f-8697-4544-a46f-90086d7dfde9","""2026-01-04T02:23:19.000Z""","JAC-SP_IG08-LILA-22"
"dac359f0-c3ce-450a-bc88-4ba69e631114","""2026-01-04T00:55:33.000Z""","AMP-37550_CY-NEGR-UNC"
"c6fbb6fd-1a88-4567-b2a2-13cbe1a0d07c","""2026-01-04T02:02:14.000Z""","NSM-NWS_002-MENT-37"
"9f69e91c-2633-4302-9189-a2b52c620652","""2026-01-04T01:14:49.000Z""","ADD-ID8643-ROJO-9"
"d77bee4b-2faf-438d-b115-073a6cde6b31","""2026-01-04T00:28:24.000Z""","NSM-BRIT_020-BLAN-39"
"0d3ddfb8-185b-4185-a351-5336a00728f8","""2026-01-04T02:54:52.000Z""","ESK-B_PB25-CANE-36"
"d34f5843-bfe5-44ee-b0d0-82a5d260a990","""2026-01-04T00:03:49.000Z""","ADD-ID3711-BLAN-9"
"5a028319-3709-4c38-ad82-99e80c30998e","""2026-01-04T00:07:06.000Z""","URB-LINK_001-BLAN-42"
"55e323a5-49ee-45ec-9e7b-d397f9269e2c","""2026-01-04T02:10:26.000Z""","SKS-QIM_002-ROSA-XL"
"5ea37590-ae55-4e52-b2d6-b1cd43a6f267","""2026-01-04T03:42:14.000Z""","SKS-STO_588-NEGR-S"
"80cd7d4e-4e07-4fb0-89e1-67c22346bdf9","""2026-01-04T01:49:06.000Z""","NSM-Q5_132-BEIG-37"
"f81a1954-840c-4960-9fdf-5c666709e898","""2026-01-04T01:49:06.000Z""","NSM-Q5_132-AZUL-37"
"2b730d8e-a8d3-4712-aaa0-d6c70a2201d6","""2026-01-03T18:20:09.000Z""","SKS-GZO_278-BEIG-UNC"
"c7d118b7-657f-4c3e-8be4-cf33decc51ed","""2026-01-03T18:20:09.000Z""","SKS-GZO_322-NEGR-UNC"
"afe1988e-ec96-42f6-8c90-f7c942e49845","""2026-01-03T18:20:09.000Z""","SKS-GZO_282-CAML-UNC"
"834f03b8-b7c1-444b-bf12-9a9f35082d29","""2026-01-04T01:02:41.000Z""","VIZ-1220315_CY-GRIS-37"
"50878e58-36d9-42aa-a80d-6e8e7f158dd8","""2026-01-04T01:14:41.000Z""","PUM-369155_01-BLAN-8"
"bf539119-d9f9-4daf-ba48-f23fb239b1f8","""2026-01-04T01:18:22.000Z""","VIZ-6291927-NEGR-37"
"0072cc2d-7150-48bd-8f8b-eebdc3823507","""2026-01-04T01:45:19.000Z""","NSM-BRIT_034-BLAN-35"
"5ca25df7-0ffb-4c38-99ed-2913e7642a73","""2026-01-04T01:10:23.000Z""","AMP-40304-NEGR-UNC"
"667be2ce-84ed-4ba6-8cb1-c90bb66ce40b","""2026-01-04T02:42:04.000Z""","VIZ-6526100-NGPT-37"
"eccf42f2-6f63-405a-8801-bb5e088d9706","""2026-01-04T02:21:43.000Z""","ADD-JQ5309-RSDO-2"
"8a9e5a36-d4e7-481a-b23c-7c1f1142a8f8","""2026-01-04T00:47:58.000Z""","NSM-YAQ_626-NEGR-39"
"ecc0ce83-19bf-4567-a0c3-a85b8aa6f539","""2026-01-04T00:49:51.000Z""","SKS-ITE_735-NEGR-39"
"3da3341c-8b94-427b-934a-e285c2f518ae","""2026-01-04T00:55:30.000Z""","NSM-Q5_134-ACER-37"
"a1a4bfcd-7e1c-4d5e-9846-61b7e23a948e","""2026-01-04T01:57:26.000Z""","SPD-2PY021-NEGR-42"
"38d7ef3e-1970-408f-b354-2b59fdaf948c","""2026-01-04T01:57:26.000Z""","SKS-ARL_018-NGCA-37"
"cc8e856c-6c9a-4a31-822d-85e567db14f1","""2026-01-04T01:42:45.000Z""","SKS-ITE_719-NATU-38"
"b5480e20-3f30-43f9-8138-10496603dc52","""2026-01-04T02:46:22.000Z""","SKS-SET_230-NEGR-M"
"01c8854b-4925-42f6-98b8-e76eead2eda1","""2026-01-04T02:46:30.000Z""","PUM-310168_23-GRIS-5.5"
"2c5f160f-8313-43c8-9c5f-75cf1129e3b5","""2026-01-04T01:42:45.000Z""","SKS-TIM_103-NEGR-36"
"a636102b-f252-4eb1-90be-b4abb1aebf17","""2026-01-04T01:42:45.000Z""","SKS-TIM_100-ROSA-36"
"96bc395d-b550-4100-a330-3c0233c6132d","""2026-01-04T02:46:35.000Z""","ACT-4845105-BLDR-37"
"a6eca05d-c527-47bd-8d00-335d203a28a5","""2026-01-04T02:46:35.000Z""","ESK-ZA_B140-NUDE-38"
"eb8e7bcd-d826-43c1-851c-9c26cd970167","""2026-01-04T02:47:22.000Z""","NSM-YAQ_616-NEGR-35"
"c6db40ce-228e-488e-a563-07ccd8cb1b10","""2026-01-04T02:09:07.000Z""","NSM-RNA_031-CELE-37"
"eccc7b1c-67ff-468d-9ed2-c89bcd058b56","""2026-01-04T03:12:24.000Z""","SKS-GZO_233A-AZUL-UNC"
"0fbad50f-f657-412f-8dae-454135bd8942","""2026-01-04T02:46:16.000Z""","URB-QTE_128-ACER-42"
"5987357e-b904-40bd-bf0e-9cf6a8c509b7","""2026-01-04T02:50:56.000Z""","SKS-YQ_075-BLAN-38"
"64acba00-edfa-4758-845a-5eff6e2ec34b","""2026-01-04T02:49:34.000Z""","REE-100074477-HUES-8.5"
"c50a18e3-139a-41fc-8164-5af5f0f32b60","""2026-01-04T02:52:07.000Z""","SKS-GZO_314-NEGR-UNC"
"8d623cfe-0a46-4e86-98fd-1238eb434791","""2026-01-04T02:55:37.000Z""","SPD-2GAB91-RJAZ-25"
"b5907fd4-7f05-42fe-96f2-e059bc64a5b1","""2026-01-03T23:57:56.000Z""","SKS-GZO_268-AZUL-UNC"
"8898619e-ca90-414f-a7eb-fb73c295589e","""2026-01-04T02:36:40.000Z""","JAC-CSV_237-NGRJ-24"
"c9191bae-e7d3-4729-9cc4-63ee678d345b","""2026-01-04T02:55:07.000Z""","SKS-ITE_711-NUDE-38"
"6efe0f82-2791-4412-a333-345d607088c3","""2026-01-04T02:55:38.000Z""","SKS-SUN_321-DORD-39"
"e5b0e1b6-3ac9-408c-97f0-6663b4d86730","""2026-01-04T03:00:28.000Z""","URB-OFER_H01A-GRIS-39"
"f2aaef98-5682-41d8-8baa-c9f096961abe","""2026-01-04T00:32:18.000Z""","JAC-GS_740-CAML-27"
"e4fa883d-9724-4c0f-bc4a-3cd44897d5fe","""2026-01-04T03:09:51.000Z""","ESK-ZA_W141-VINO-38"
"48f91204-9519-4280-b8c9-5ff5f0140886","""2026-01-03T18:02:49.000Z""","FIL-1RM02611-BLBG-11.5"
"a7925fde-bed6-4f27-9116-3063c76cac2a","""2026-01-04T03:12:04.000Z""","ROU-TOFEH_011-NGRJ-38"
"4e42d0d5-3ada-4052-b7f6-91cd0fad47b9","""2026-01-04T03:10:29.000Z""","SKS-NW_082-AZUL-38"
"12d83591-5c4e-44e7-b808-d68c3c45991d","""2026-01-04T03:11:52.000Z""","CAT-P90802-MARR-9.5"
"48426f4f-7950-4761-89ce-8d27c9f6725e","""2026-01-04T03:15:05.000Z""","ESK-Z_W414-COBR-36"
"cca24bb9-efb5-473d-9077-c0863fc630ca","""2026-01-04T01:26:34.000Z""","SKS-THC_004-NEGR-S"
"d771e5ac-4fa6-4c29-b4ea-689ef5a209a2","""2026-01-04T01:26:34.000Z""","SKS-THC_004-ROSA-S"
"9e45467c-a46a-4189-97f3-0d9e1eb861e9","""2026-01-03T23:25:23.000Z""","PAW-2PW511-AZUL-28"
"27d8da83-69cd-401a-8a7e-3c3912976ec3","""2026-01-04T03:17:24.000Z""","PUM-393924_02-NEGR-13"
"a5456ff2-e1bb-4081-88fc-e0f3d9f62c36","""2026-01-04T03:10:29.000Z""","SKS-ARL_004-NEGR-37"
"81731af7-0df0-4814-9549-cd900b91177e","""2026-01-04T03:10:29.000Z""","ESK-B_OU018-VINO-38"
"d55a2c80-aec6-425a-a854-a7e9b892e2fc","""2026-01-04T03:10:29.000Z""","PUM-383037_16-NAVY-9"
"01815b45-681a-4969-9a30-b703a216a1e4","""2026-01-04T03:18:38.000Z""","SKE-303555L_LVPK-LAVN-1.5"
"0823f612-87e2-43b5-9404-c18ee9a11cb3","""2026-01-04T03:19:58.000Z""","KUR-KUR_0078-BLLL-29"
"cf20bfd6-c989-47fb-9497-0dfdc2c44f89","""2026-01-04T03:22:23.000Z""","ROU-TOFEM_040-NEGR-37"
"52c61cfd-6905-4501-9e41-ae5d61e59582","""2026-01-04T03:24:45.000Z""","JAC-LC_223-NEGR-30"
"2c482265-3873-475c-a1ca-e1091e7b38b5","""2026-01-04T03:25:17.000Z""","HLK-HKT_0178-BLAN-31"
"21ff96a2-1072-4636-87c1-deb3f32204de","""2026-01-04T03:25:23.000Z""","JAC-LC_220-VINO-30"
"16f5e81d-fcbc-427a-a3e0-a0e108deadc7","""2026-01-04T03:26:18.000Z""","SKS-QIM_002-CELE-L"
"0b6c5bf6-7bc8-4bf0-b0a2-571a1d2ae17c","""2026-01-03T20:49:01.000Z""","SKS-STP_106-MARR-37"
"36a73684-7ff1-4f5f-a9d9-0e52662ba029","""2026-01-04T02:50:53.000Z""","REE-100074477-HUES-9"
"4e117997-657c-4aaf-8344-cee0e8568e0d","""2026-01-03T22:58:20.000Z""","IPN-2IPS00-AZUL-35"
"f4d78e2a-fad2-4ece-8055-abb04f91a1ac","""2026-01-04T00:37:15.000Z""","NSM-BRIT_013-BLAN-38"
"b0535d48-9e07-4090-a1c3-13b8174fa603","""2026-01-04T01:22:41.000Z""","SKS-SFA_122-NEGR-M"
"1af1313f-9f30-4b6d-924c-0b7987c4bf08","""2026-01-03T22:56:42.000Z""","PUM-310686_10-NEGR-6"
"ed6f3fda-d29f-4dbf-a53c-415885e10fc2","""2026-01-04T02:35:41.000Z""","ADD-JS3807-NEGR-8"
"01de6dfa-b1d0-4bf1-adf9-e7b2a17f8d27","""2026-01-04T02:17:32.000Z""","MOL-52059-MNCM-36"
"03bd97b4-2c0a-44ab-99b9-9e41bdcb3a48","""2026-01-04T03:15:05.000Z""","SKS-QIM_002-ROSA-L"
"933b7b75-3108-461c-af59-c1dc51eb119e","""2026-01-04T03:08:39.000Z""","SKS-GZO_292-ROSA-UNC"
"3fc33b9b-d55f-40be-91df-3f92e455c061","""2026-01-03T23:57:56.000Z""","SKS-GZO_282-AZUL-UNC"
"e5c12015-4be5-4a14-aff2-ccd0ad2946c8","""2026-01-03T22:45:52.000Z""","SKS-TIM_097-MENT-35"
"3c2da302-ee2d-4ea3-b543-d5d37f021eb6","""2026-01-04T00:54:20.000Z""","FIL-5FM00002-NEGR-7.5"
"34cd6d07-8e5d-4c83-81d2-b1370ba2034a","""2026-01-04T01:11:15.000Z""","JAC-LC_201-NGAM-29"
"8dc6cb3d-bc5f-488f-b80e-f4174df8886d","""2026-01-04T01:11:15.000Z""","JAC-LC_201-NGAM-31"
"2f3a13fe-7309-4f36-9f39-1af34cc378a5","""2026-01-04T03:23:25.000Z""","NSM-WOL_137-MARR-36"
"9d226ca6-b8f4-4dbe-8408-1447c6723081","""2026-01-04T01:21:14.000Z""","BRB-2AR12761-RSDO-34"
"6e546317-08a9-4599-9b1e-f45cd601e281","""2026-01-04T03:10:29.000Z""","SKS-NW_071-NEGR-37"
"0171bada-e277-4b5f-8c7e-814ee61373b6","""2026-01-04T03:10:29.000Z""","SKS-TIM_097-MENT-37"
"7c36fba3-fccd-411e-9f82-522e7d02f948","""2026-01-04T03:10:29.000Z""","SKS-NW_082-VINO-38"
"17c9ea51-d6f2-4bdd-84ff-620604f16136","""2026-01-04T03:10:29.000Z""","PUM-310093_16-BLAN-9"
"9569ff59-7c02-4a00-a15a-6153ec5db662","""2026-01-03T19:58:59.000Z""","SKS-YQ_061-ROJO-39"
"6208686a-0972-4a20-912d-003f764f3c53","""2026-01-03T23:07:37.000Z""","NIK-DA1352_404-AZUL-8"
"9bcdbc42-29d9-4c73-8a6b-a783c4fd72ec","""2026-01-03T20:46:18.000Z""","SKS-STP_107-BEIG-36"
"82679a1f-6cb1-4428-8941-ae90e110c1fb","""2026-01-03T20:55:42.000Z""","SKS-SCA_221-CELE-L"
"b657e5cf-bb39-499f-93b1-7a305d2850f9","""2026-01-03T21:16:46.000Z""","URB-LINK_012-NEGR-39"
"337b9994-c38d-42be-9f91-2944c3db63bb","""2026-01-04T02:11:03.000Z""","SPD-2SN1194-NEGR-25"
"cc7b0d30-05dc-45e1-8b58-4e3373555318","""2026-01-04T02:35:31.000Z""","OLK-REFLECT296-CELE-36"
"3770de9f-2a75-4ed4-a3c9-58384457c551","""2026-01-04T02:35:31.000Z""","SKE-216687_WGY-GRIS-8"
"62c25375-c33f-4e90-97c5-bac823d17846","""2026-01-03T22:34:13.000Z""","NSM-GER_125-VINO-38"
"ae8daa58-bcc3-4e7e-bd1e-ce5ca98ce5c5","""2026-01-03T22:34:24.000Z""","BLU-2BU0571-RSDO-26"
"d67efb74-1fd7-408d-a004-0e232377c104","""2026-01-04T01:54:38.000Z""","SKS-TIM_098-CELE-36"
"22a0bb55-6946-46c5-9884-cf2add074ce7","""2026-01-03T21:29:20.000Z""","BEI-4283104-NEGR-35"
"a87cf20b-19a5-44e6-945d-8dee347b371f","""2026-01-04T01:28:45.000Z""","PUM-379437_37-AMAR-8.5"
"2cfb7f1d-5880-4eb1-ab78-40061bf3b124","""2026-01-04T02:26:05.000Z""","SKS-STK_323-ACER-UNC"
"59aa09cb-544f-4090-b602-2f422d190c44","""2026-01-04T03:42:00.000Z""","NSM-YAQ_627-BEIG-38"
"c41bd09d-3665-4bc6-b8d6-3dd01672f9e8","""2026-01-04T03:42:07.000Z""","SKS-YQ_075-BLAN-38"
"40fe6fe7-a9fa-41f5-a164-988559fc7b9e","""2026-01-04T03:42:07.000Z""","NSM-Q5_140-NEGR-39"
"7a9fa09f-6a00-468b-a096-fb4a42286f68","""2026-01-04T01:51:28.000Z""","MKN-2157_1050-BLAN-33"
"02d95b8d-1f13-4090-9ec8-28ac2fd4962d","""2026-01-04T03:42:14.000Z""","ESK-ZA_B140-NUDE-36"
"9ca4066f-6606-4ecc-9264-b198311bf70f","""2026-01-04T03:42:14.000Z""","VIZ-1285400_CY-BEIG-36"
"42f35e34-655f-47c8-85ec-4bc1e7892d10","""2026-01-04T03:42:14.000Z""","NSM-OFER_023-PARS-36"
"1c9369b1-459d-4d69-88f5-f6db711c0703","""2026-01-04T03:42:14.000Z""","NSM-OFER_023-NEGR-36"
"0ec6bb40-688b-4930-b3d1-92cd726a62f8","""2026-01-04T02:56:11.000Z""","NSM-TIAN_004-NEGR-37"
"3f3e59f0-2ef8-41ab-a0f6-e58afc23b1bd","""2026-01-04T02:48:32.000Z""","MIN-2MN9830-BLAN-25"
"a33d8302-7d27-43d5-9173-73cbefefc5e2","""2026-01-04T02:48:32.000Z""","SKE-310241LPKW-BLRD-1.5"
"c82ccc90-77c4-4f28-a239-682e59b7c91c","""2026-01-04T02:16:34.000Z""","MOL-52059-MURJ-36"
"6225c2a5-0527-4493-a085-1ada09fe82f9","""2026-01-03T16:14:45.000Z""","VIZ-1285400_CY-BEIG-36"
"36b2c844-3ef6-48e6-b2d8-c572d418ce43","""2026-01-04T02:50:42.000Z""","SKS-STP_107-BEIG-36"
"bfeef377-3beb-4dc3-902b-7fd1029f99d9","""2026-01-04T03:43:11.000Z""","SNO-2FY0351-BLAN-36"
"2e90100a-0d3e-465a-8af6-f72df6be8837","""2026-01-03T19:42:56.000Z""","PUM-527177_24-CRAL-XS"
"a30429f4-f779-49da-a138-c98b7395d863","""2026-01-03T23:55:44.000Z""","MOL-5816102-NDBL-35"
"b4670ee4-2948-4de6-b506-eec5b68a62c8","""2026-01-03T23:55:44.000Z""","JAC-ZP_G11-ROJO-31"
"13e1b214-d84f-4697-98d4-82b818a71a5d","""2026-01-04T03:43:34.000Z""","ROU-TOFEH_027-GRIS-41"
"022a12c2-1767-443b-9d01-73c7d4c7f6e0","""2026-01-04T03:44:24.000Z""","ADD-IH0083-NGBL-8.5"
"a4c6d473-c0aa-424d-bd55-ba04273528fb","""2026-01-04T03:02:57.000Z""","PUM-108379_01-NGMO-9.5"
"9362f36e-8f79-4268-a23f-989607f70375","""2026-01-04T03:46:43.000Z""","NSM-YAQ_627-NEGR-37"
"1a0ec465-a666-4175-b9db-3f35f5d65414","""2026-01-04T03:03:49.000Z""","SKS-GZO_275-PARS-UNC"
"5b91e709-ed21-4586-9289-702111e1e65f","""2026-01-04T03:05:45.000Z""","ESK-PR_S12-NUDE-38"
"7b75066b-e9db-4ee5-a9a2-cf08572fc668","""2026-01-04T03:06:49.000Z""","SKS-GZO_290-NUDE-UNC"
"d2fe9458-e99a-44a3-8c06-8b3b58c518bd","""2026-01-04T03:20:20.000Z""","SKS-QIM_002-ROSA-M"
"fc4a5a0b-4a94-42f7-850f-625c1daf4034","""2026-01-03T20:08:10.000Z""","RID-2RDC30-GRIS-41"
"fa2eb5f5-2939-4802-bea3-4414c409d9c7","""2026-01-03T22:33:39.000Z""","SKS-STP_107-BEIG-35"
"bca2b062-037e-439e-adc8-87c7ac590ec0","""2026-01-03T22:41:08.000Z""","SKS-WI_078-TAUP-36"
"063ee763-5183-4aa3-b0ed-68afa332e426","""2026-01-03T23:01:08.000Z""","SKS-ITE_722-LILA-36"
"f999f41f-bb0d-4aa7-898f-915bafa2b6c5","""2026-01-03T22:45:31.000Z""","SKS-NW_082-AZUL-38"
"d9019db5-39f9-43dc-9c0a-417fc129d760","""2026-01-03T23:14:01.000Z""","ESK-PR_S07-VINO-36"
"6a087937-4938-49dc-a1b8-f911ace29b12","""2026-01-03T21:26:12.000Z""","ADD-JI4915-BLBG-5.5"
"5e16f07b-4de0-4438-b701-b023c74bc5c1","""2026-01-03T21:15:25.000Z""","PUM-311224_18-CREM-5.5"
"2346ea17-9d2e-44ea-a045-3adabf593566","""2026-01-03T22:19:42.000Z""","PUM-400367_04-BLAN-8.5"
"af5c354b-28f1-4bed-a4b1-f431ef4891de","""2026-01-03T23:20:18.000Z""","REE-100010029-BLAN-10.5"
"37a0c33f-ec8d-47f9-a374-822d3e619ce0","""2026-01-03T23:20:18.000Z""","ADD-IF6097-BLAN-10.5"
"7434d902-6d29-4a55-9ba9-38f914864602","""2026-01-03T23:20:18.000Z""","REE-100074353-BLAN-10.5"
"bb08a4e3-ec77-41a7-b964-97212527a327","""2026-01-03T21:43:33.000Z""","SKS-MNG_066-GRVR-36"
"374b82c1-5cd0-4676-a3ba-a8d6691ab396","""2026-01-03T23:14:52.000Z""","NSM-BRIT_027-VERD-37"
"2ffa7529-a05a-43db-96ee-4e2623b5240d","""2026-01-03T23:11:47.000Z""","VIZ-6526100-BLPT-33"
"b3537af8-35ea-4c3e-b938-11700aec93e6","""2026-01-03T20:07:05.000Z""","BEI-41361102-BGNG-35"
"781fb4f4-c52a-4e1b-af7b-db6d06962ad6","""2026-01-03T23:22:01.000Z""","AMP-37440_CY-NEGR-UNC"
"25d6f6ac-7056-45b1-9b5c-cd5dade6980f","""2026-01-03T21:50:48.000Z""","KLN-KL_975-ROSA-22"
"39c90bfe-cb5f-45f0-b4b1-cf54d454f41e","""2026-01-03T21:46:19.000Z""","JAC-VIO_023-RSDO-21"
"bb4859cc-05df-4406-80e8-9faac8b823dd","""2026-01-03T21:18:59.000Z""","AMP-39577_CY-CFCM-UNC"
"8e112b89-8bb0-4c43-a372-a1bec17881b3","""2026-01-03T22:47:36.000Z""","REE-100010636-BLAN-6"
"9d9b9402-998c-4f0c-80f0-a112f4d4b22a","""2026-01-03T22:20:59.000Z""","MOL-5496101_CY-NEGR-37"
"fc3baa9c-ba48-41c9-b22e-9072faa03b23","""2026-01-03T17:12:32.000Z""","NIK-HM9862_002-GRBL-9"
"b2853dd1-17be-4406-8942-9a607e04ed58","""2026-01-03T23:25:23.000Z""","KLN-KL_1032-MARR-28"
"b85777a6-ba93-43e4-8b92-410481bfc45e","""2026-01-03T21:19:19.000Z""","REE-100010636-BLAN-6"
"ef11585e-d380-46b1-ad7c-aebd120770a7","""2026-01-03T21:25:22.000Z""","ADD-JR3008-PARS-7"
"e8ca3b09-e869-451d-af1d-570584e1b624","""2026-01-03T23:25:51.000Z""","SKS-STP_096-CELE-39"
"7356d666-d5da-43a8-bc05-fba7474a1220","""2026-01-03T23:29:11.000Z""","VIZ-1285400_CY-BEIG-39"
"2ffd1355-150d-48d5-87de-20ce61cb1da9","""2026-01-03T21:18:57.000Z""","ADD-JI4563-NEGR-4.5"
"9507eccb-f70a-4e71-a666-358e2014b022","""2026-01-03T23:31:32.000Z""","VIZ-6282413_CY-MUMA-37"
"1626b259-cbbf-4f25-b7a1-a0a19abf6710","""2026-01-03T22:58:46.000Z""","SKS-GZO_281-HUES-UNC"
"f55c731f-2eca-484a-a0ce-f5ae34c5596f","""2026-01-03T23:35:07.000Z""","NIK-DX9176_100-BLNG-7"
"60aa291f-4a24-43b2-bc35-e13229e82396","""2026-01-03T23:27:46.000Z""","MAV-2GVA27-ROJO-31"
"c5da50bc-4e3e-4c2d-bfe7-072a4dfdbfde","""2026-01-03T23:09:01.000Z""","ESK-B_FE12-TOFE-37"
"bda7a59e-5125-4961-b08f-489a8b076c7d","""2026-01-03T21:35:21.000Z""","SKS-STP_102-ROJO-39"
"2fa47ff0-f315-4158-8698-35315a121c2f","""2026-01-03T23:17:17.000Z""","SKS-CAM_148-NEGR-36"
"2563621a-592c-4475-9428-73bce33b59c1","""2026-01-03T23:33:24.000Z""","SKS-GZO_334-AZUL-UNC"
"5069787c-3f03-44e3-96ee-cfaee2931205","""2026-01-03T23:19:45.000Z""","SKS-STP_096-NEGR-38"
"580bfead-c403-4497-ad9a-007e703f3713","""2026-01-03T21:22:04.000Z""","SKS-STP_109-NEGR-37"
"4fc40a1b-7a78-4518-a793-05eecab4223a","""2026-01-03T21:44:37.000Z""","AMD-ASF_182-NEGR-41"
"3ca2815d-e03c-4d87-be22-530ac19c32bf","""2026-01-03T21:45:43.000Z""","BEI-8449300-NEGR-36"
"e816ecaf-ff3c-48eb-ac00-30b550d68013","""2026-01-03T21:45:43.000Z""","MOL-5297559_CY-NGCR-36"
"875fac03-ab01-4d4c-b047-1707236c2883","""2026-01-03T20:07:26.000Z""","SKS-STO_589-NEGR-L"
"ff7be2f6-cea5-4ba7-a36b-c7c70fab21d0","""2026-01-03T20:37:30.000Z""","JAC-ZB_G502-BLAN-33"
"6f964e19-c5d1-4eb9-9d49-dc7b5eaf4810","""2026-01-03T22:16:26.000Z""","ADD-JQ2736-BLAN-10"